index,tax=k__Animalia;p__Arthropoda;c__Insecta;__;__;__;__,tax=k__Animalia;p__Arthropoda;c__Insecta;o__Lepidoptera;f__Geometridae;g__Drepanulatrix;s__Drepanulatrix carnearia,tax=k__Animalia;p__Arthropoda;c__Insecta;o__Coleoptera;f__Curculionidae;g__Pachyrhinus;s__Pachyrhinus californicus,tax=k__Animalia;p__Arthropoda;c__Insecta;o__Lepidoptera;f__Tortricidae;g__Choristoneura;__,tax=k__Animalia;p__Arthropoda;c__Insecta;o__Coleoptera;f__Buprestidae;g__;s__,tax=k__Animalia;p__Arthropoda;c__Insecta;o__Coleoptera;f__Curculionidae;__;__,tax=k__Animalia;p__Arthropoda;c__Insecta;o__Coleoptera;f__Cerambycidae;g__;s__,tax=k__Animalia;p__Arthropoda;c__Insecta;o__Lepidoptera;f__Geometridae;g__Enypia;s__Enypia packardata,tax=k__Animalia;p__Arthropoda;c__Arachnida;o__Araneae;f__Philodromidae;g__Apollophanes;s__Apollophanes margareta,tax=k__Animalia;p__Arthropoda;c__Insecta;o__Coleoptera;f__Scarabaeidae;g__;s__,tax=k__Animalia;p__Arthropoda;c__Insecta;o__Coleoptera;f__Curculionidae;g__Magdalis;s__Magdalis gentilis,tax=k__Animalia;p__Arthropoda;c__Insecta;o__Siphonaptera;f__Ceratophyllidae;g__Ceratophyllus;s__,tax=k__Animalia;p__Arthropoda;c__Insecta;o__Hemiptera;f__Miridae;g__Dichrooscytus;s__Dichrooscytus rainieri,tax=k__Animalia;p__Arthropoda;c__Arachnida;o__;f__;g__;s__,tax=k__Animalia;p__Arthropoda;c__Insecta;o__Hymenoptera;f__Ichneumonidae;g__Glypta;s__,tax=k__Animalia;p__Arthropoda;c__Collembola;o__Entomobryomorpha;__;__;__,tax=k__Animalia;p__Arthropoda;c__Insecta;o__Lepidoptera;__;__;__,tax=k__Animalia;p__Arthropoda;c__Insecta;o__Hymenoptera;f__Xyelidae;g__Xyela;s__Xyela 004 P. contorta murr. sp.,tax=k__Animalia;p__Arthropoda;c__Insecta;o__Coleoptera;f__Buprestidae;g__Trachykele;s__Trachykele cf. nimbosahartmanni,tax=k__Animalia;p__Arthropoda;c__Insecta;o__Lepidoptera;f__Gelechiidae;g__Chionodes;__,tax=k__Animalia;p__Arthropoda;c__Insecta;o__Hymenoptera;f__Ichneumonidae;g__;s__,tax=k__Animalia;p__Arthropoda;c__Insecta;o__Diptera;f__Chironomidae;g__Halocladius;s__Halocladius variabilis,tax=k__Animalia;p__Arthropoda;c__Insecta;o__Lepidoptera;f__Erebidae;g__Lymantria;s__Lymantria dispar,tax=k__Animalia;p__Arthropoda;c__Insecta;o__Diptera;f__Calliphoridae;g__Calliphora;s__Calliphora latifrons,tax=k__Animalia;p__Arthropoda;c__Insecta;o__Hemiptera;f__Aphididae;g__;s__,tax=k__Animalia;p__Arthropoda;c__Insecta;o__Hymenoptera;f__Braconidae;g__;s__,tax=k__Animalia;p__Arthropoda;c__Insecta;o__Coleoptera;f__Curculionidae;g__Dendroctonus;s__Dendroctonus valens,tax=k__Animalia;p__Arthropoda;c__Insecta;o__Diptera;__;__;__,tax=k__Animalia;p__Arthropoda;c__Insecta;o__Lepidoptera;f__Papilionidae;g__Papilio;s__,tax=k__Animalia;p__Arthropoda;c__Insecta;o__Lepidoptera;f__Geometridae;g__Stenoporpia;s__Stenoporpia pulmonaria,tax=k__Animalia;p__Arthropoda;c__Arachnida;__;__;__;__,tax=k__Animalia;p__Arthropoda;c__Insecta;o__Lepidoptera;f__Geometridae;g__Enypia;s__Enypia griseata,tax=k__Animalia;p__Arthropoda;c__Insecta;o__Diptera;f__Scathophagidae;g__Scathophaga;s__Scathophaga stercoraria,tax=k__Animalia;p__Arthropoda;c__Insecta;o__Hemiptera;f__Miridae;__;__,tax=k__Animalia;p__Arthropoda;c__Insecta;o__Hymenoptera;f__Pamphiliidae;g__Acantholyda;s__Acantholyda bucephala,tax=k__Animalia;p__Arthropoda;c__Insecta;o__Hymenoptera;f__Braconidae;g__Aleiodes;__,tax=k__Animalia;p__Arthropoda;c__Insecta;o__Diptera;f__Syrphidae;g__Eupeodes;s__Eupeodes lapponicus,tax=k__Animalia;p__Arthropoda;c__Insecta;o__Lepidoptera;f__Geometridae;__;__,tax=k__Animalia;p__Arthropoda;c__Insecta;o__Lepidoptera;f__Gelechiidae;g__Coleotechnites;s__Coleotechnites thujaella,tax=k__Animalia;p__Arthropoda;c__Insecta;o__Lepidoptera;f__Geometridae;g__Sabulodes;s__Sabulodes edwardsata,tax=k__Animalia;p__Arthropoda;c__Insecta;o__Coleoptera;f__Elateridae;g__Limoniscus;s__Limoniscus violaceus,tax=k__Animalia;p__Arthropoda;c__Insecta;o__Hymenoptera;f__Xyelidae;g__Xyela;__,tax=k__Animalia;p__Arthropoda;c__Insecta;o__Lepidoptera;f__Pyralidae;g__Dioryctria;s__Dioryctria pentictonella,tax=k__Animalia;p__Arthropoda;c__Insecta;o__Diptera;f__Culicidae;g__Aedes;s__Aedes fitchii,tax=k__Animalia;p__Arthropoda;c__Insecta;o__Coleoptera;__;__;__,tax=k__Animalia;p__Arthropoda;c__Insecta;o__Hymenoptera;f__Pamphiliidae;g__Acantholyda;s__,tax=k__Animalia;p__Arthropoda;c__Insecta;o__Lepidoptera;f__Gelechiidae;g__Coleotechnites;__,tax=k__Animalia;p__Arthropoda;c__Insecta;o__Coleoptera;f__Cerambycidae;g__Rhagium;s__Rhagium inquisitor,tax=k__Animalia;p__Arthropoda;c__Insecta;o__Diptera;f__Bombyliidae;g__;s__,tax=k__Animalia;p__Arthropoda;c__Insecta;o__Lepidoptera;f__Geometridae;g__Sabulodes;__,tax=k__Animalia;p__Arthropoda;c__Insecta;o__Diptera;f__Asilidae;g__;s__,tax=k__Animalia;p__Arthropoda;c__Insecta;o__Lepidoptera;f__Geometridae;g__Glena;__,tax=k__Animalia;p__Arthropoda;c__Insecta;o__Raphidioptera;f__Inocelliidae;g__Negha;s__Negha longicornis,tax=k__Animalia;p__Arthropoda;c__Arachnida;o__Araneae;f__Thomisidae;g__Xysticus;s__Xysticus locuples,tax=k__Animalia;p__Arthropoda;c__Insecta;o__Lepidoptera;f__Geometridae;g__Nepytia;s__Nepytia umbrosaria,tax=k__Animalia;p__Arthropoda;c__Insecta;o__Diptera;f__Calliphoridae;g__Protocalliphora;__,tax=k__Animalia;p__Arthropoda;c__Arachnida;o__Araneae;__;__;__,tax=k__Animalia;p__Arthropoda;c__Insecta;o__Hymenoptera;f__Vespidae;g__Dolichovespula;s__Dolichovespula arenaria,tax=k__Animalia;p__Arthropoda;c__Insecta;o__Diptera;f__Phoridae;g__Diplonevra;s__Diplonevra nitidula,tax=k__Animalia;p__Arthropoda;c__Insecta;o__Hymenoptera;f__Pamphiliidae;g__Acantholyda;__,tax=k__Animalia;p__Arthropoda;c__Insecta;o__Hymenoptera;f__Braconidae;g__Dolichogenidea;s__Dolichogenidea absona,tax=k__Animalia;p__Arthropoda;c__Insecta;o__Diptera;f__Therevidae;g__Pandivirilia;s__,tax=k__Animalia;p__Arthropoda;c__Insecta;o__Diptera;f__Tachinidae;g__;s__,tax=k__Animalia;p__Arthropoda;c__Insecta;o__Diptera;f__Syrphidae;g__Scaeva;s__Scaeva pyrastri,tax=k__Animalia;p__Arthropoda;c__Insecta;o__Diptera;f__Syrphidae;g__Eristalis;__,tax=k__Animalia;p__Arthropoda;c__Insecta;o__Diptera;f__Syrphidae;g__Eristalis;s__Eristalis hirta,tax=k__Animalia;p__Arthropoda;c__Arachnida;o__Araneae;f__Linyphiidae;g__Agyneta;s__Agyneta fillmorana,tax=k__Animalia;p__Arthropoda;c__Arachnida;o__Araneae;f__Philodromidae;g__Philodromus;s__Philodromus rufus,tax=k__Animalia;p__Arthropoda;c__Insecta;o__Lepidoptera;f__Geometridae;g__Epirrita;s__Epirrita autumnata,tax=k__Animalia;p__Arthropoda;c__Insecta;o__Lepidoptera;f__Geometridae;g__Eupithecia;s__Eupithecia gilvipennata,tax=k__Animalia;p__Arthropoda;c__Insecta;o__Coleoptera;f__Buprestidae;g__Agrilus;s__Agrilus planipennis,tax=k__Animalia;p__Arthropoda;c__Insecta;o__Lepidoptera;f__Geometridae;g__Glena;s__Glena nigricaria,tax=k__Animalia;p__Arthropoda;c__Insecta;o__Coleoptera;f__Curculionidae;g__Pachyrhinus;__,tax=k__Animalia;p__Arthropoda;c__Insecta;o__Hymenoptera;f__Formicidae;g__Camponotus;s__Camponotus modoc,tax=k__Animalia;p__Arthropoda;c__Insecta;o__Diptera;f__Tachinidae;g__Voria;s__,tax=k__Animalia;p__Arthropoda;c__Insecta;o__Lepidoptera;f__Tortricidae;g__Epinotia;s__Epinotia radicana,tax=k__Animalia;p__Arthropoda;c__Insecta;o__Lepidoptera;f__Gelechiidae;g__Chionodes;s__Chionodes periculella,tax=k__Animalia;p__Arthropoda;c__Insecta;o__Lepidoptera;f__Geometridae;g__Melanolophia;s__Melanolophia imitata,tax=k__Animalia;p__Arthropoda;c__Arachnida;o__Araneae;f__Theridiidae;g__Dipoena;s__Dipoena nigra,tax=k__Animalia;p__Arthropoda;c__Insecta;o__Coleoptera;f__Scarabaeidae;__;__,tax=k__Animalia;p__Arthropoda;c__Insecta;o__Hymenoptera;f__Ichneumonidae;g__Phytodietus;__,tax=k__Animalia;p__Arthropoda;c__Insecta;o__Lepidoptera;f__Pyralidae;g__Dioryctria;__,tax=k__Animalia;p__Arthropoda;c__Arachnida;o__Mesostigmata;f__Dermanyssidae;g__Dermanyssus;s__Dermanyssus hirundinis,tax=k__Animalia;p__Arthropoda;c__Insecta;o__Hymenoptera;f__Xyelidae;g__;s__,tax=k__Animalia;p__Arthropoda;c__Arachnida;o__Araneae;f__Philodromidae;g__Philodromus;s__Philodromus spectabilis,tax=k__Animalia;p__Arthropoda;c__Insecta;o__Blattodea;f__;g__;s__,tax=k__Animalia;p__Arthropoda;c__Insecta;o__Diptera;f__Syrphidae;g__Dasysyrphus;s__Dasysyrphus pacificus,tax=k__Animalia;p__Arthropoda;c__Collembola;o__Entomobryomorpha;f__Entomobryidae;g__Entomobrya;s__Entomobrya unostrigata,tax=k__Animalia;p__Arthropoda;c__Insecta;o__Lepidoptera;f__Geometridae;g__Hydriomena;s__Hydriomena irata,tax=k__Animalia;p__Arthropoda;c__Insecta;o__Diptera;f__Syrphidae;g__Helophilus;__,tax=k__Animalia;p__Arthropoda;c__Insecta;o__Diptera;f__Mycetophilidae;g__Boletina;s__,tax=k__Animalia;p__Arthropoda;c__Insecta;o__Coleoptera;f__Cantharidae;g__Podabrus;s__Podabrus fragilis,tax=k__Animalia;p__Arthropoda;c__Arachnida;o__Araneae;f__Linyphiidae;g__Pityohyphantes;__,tax=k__Animalia;p__Arthropoda;c__Insecta;o__Hymenoptera;f__Ichneumonidae;__;__,tax=k__Animalia;p__Arthropoda;c__Insecta;o__Diptera;f__Calliphoridae;g__Protocalliphora;s__,tax=k__Animalia;p__Arthropoda;c__Insecta;o__Diptera;f__Culicidae;g__Aedes;__,tax=k__Animalia;p__Arthropoda;c__Insecta;o__Diptera;f__Empididae;g__;s__,tax=k__Animalia;p__Arthropoda;c__Insecta;o__Orthoptera;__;__;__,tax=k__Animalia;p__Arthropoda;c__Insecta;o__Lepidoptera;f__Tortricidae;g__Phaneta;s__Phaneta sp. 3,tax=k__Animalia;p__Arthropoda;c__Insecta;o__Lepidoptera;f__Gelechiidae;g__Coleotechnites;s__Coleotechnites piceaella,tax=k__Animalia;p__Arthropoda;c__Insecta;o__Lepidoptera;f__Pyralidae;g__Dioryctria;s__Dioryctria pseudotsugella,tax=k__Animalia;p__Arthropoda;c__Insecta;o__Diptera;f__Cecidomyiidae;g__;s__,tax=k__Animalia;p__Arthropoda;c__Insecta;o__Diptera;f__Empididae;__;__,tax=k__Animalia;p__Arthropoda;c__Arachnida;o__Araneae;f__Thomisidae;g__Xysticus;s__,tax=k__Animalia;p__Arthropoda;c__Arachnida;o__Araneae;f__Anyphaenidae;g__Anyphaena;s__Anyphaena pacifica,tax=k__Animalia;p__Arthropoda;c__Insecta;o__Lepidoptera;f__Tortricidae;g__Argyrotaenia;__,tax=k__Animalia;p__Arthropoda;c__Insecta;o__Diptera;f__Sciaridae;__;__,tax=k__Animalia;p__Arthropoda;c__Insecta;o__Diptera;f__Chironomidae;g__Diamesa;s__,tax=k__Animalia;p__Arthropoda;c__Arachnida;o__Araneae;f__Linyphiidae;g__Pityohyphantes;s__Pityohyphantes cristatus,tax=k__Animalia;p__Arthropoda;c__Insecta;o__Diptera;f__Syrphidae;g__Heringia;s__,tax=k__Animalia;p__Arthropoda;c__Insecta;o__Lepidoptera;f__Tortricidae;g__Cydia;s__,tax=k__Animalia;p__Arthropoda;c__Insecta;o__Coleoptera;f__Staphylinidae;g__;s__,tax=k__Animalia;p__Arthropoda;c__Insecta;o__Diptera;f__Tachinidae;g__Cryptomeigenia;s__,tax=k__Animalia;p__Arthropoda;c__Insecta;o__Hemiptera;f__;g__;s__,tax=k__Animalia;p__Arthropoda;c__Insecta;o__Odonata;f__Libellulidae;g__Sympetrum;s__,tax=k__Animalia;p__Arthropoda;c__Insecta;o__Hemiptera;f__Aphididae;g__Mindarus;s__Mindarus obliquus,tax=k__Animalia;p__Arthropoda;c__Insecta;o__Lepidoptera;f__Tortricidae;g__Zeiraphera;s__Zeiraphera cf. pacifica,tax=k__Animalia;p__Arthropoda;c__Insecta;o__Lepidoptera;f__Geometridae;g__Synaxis;s__Synaxis cervinaria,tax=k__Animalia;p__Arthropoda;c__Insecta;o__Hemiptera;f__Aphididae;g__Wahlgreniella;__,tax=k__Animalia;p__Arthropoda;c__Insecta;o__Lepidoptera;f__Geometridae;g__Enypia;s__Enypia venata,tax=k__Animalia;p__Arthropoda;c__Insecta;o__Lepidoptera;f__Tortricidae;__;__,tax=k__Animalia;p__Arthropoda;c__Insecta;o__Lepidoptera;f__Tortricidae;g__Barbara;s__Barbara colfaxiana,tax=k__Animalia;p__Arthropoda;c__Insecta;o__Lepidoptera;f__Pyralidae;__;__,tax=k__Animalia;p__Arthropoda;c__Insecta;o__Diptera;f__Culicidae;g__Aedes;s__Aedes increpitus,tax=k__Animalia;p__Arthropoda;c__Insecta;o__Lepidoptera;f__Geometridae;g__Sericosema;s__Sericosema immaculata,tax=k__Animalia;p__Arthropoda;c__Insecta;o__Coleoptera;f__Melyridae;g__;s__,tax=k__Animalia;p__Arthropoda;c__Insecta;o__Hymenoptera;f__Ichneumonidae;g__Coelichneumon;s__Coelichneumon eximius,tax=k__Animalia;p__Arthropoda;c__Insecta;o__Lepidoptera;f__Geometridae;g__Eupithecia;s__Eupithecia annulata,tax=k__Animalia;p__Arthropoda;c__Insecta;o__Diptera;f__Culicidae;g__Culiseta;s__Culiseta inornata,tax=k__Animalia;p__Arthropoda;c__Insecta;o__Lepidoptera;f__Geometridae;g__Pero;s__Pero occidentalis,tax=k__Animalia;p__Arthropoda;c__Insecta;o__Hemiptera;f__Miridae;g__;s__,tax=k__Animalia;p__Arthropoda;c__Arachnida;o__Araneae;f__Salticidae;g__;s__,tax=k__Animalia;p__Arthropoda;c__Arachnida;o__Araneae;f__Anyphaenidae;g__;s__,tax=k__Animalia;p__Arthropoda;c__Insecta;o__Coleoptera;f__Curculionidae;g__Dendroctonus;__,tax=k__Animalia;p__Arthropoda;c__Insecta;o__Hymenoptera;f__Xyelidae;g__Xyela;s__Xyela 003 P. jeffreyi sp.,tax=k__Animalia;p__Arthropoda;c__Arachnida;o__Araneae;f__Dictynidae;g__Dictyna;s__Dictyna brevitarsa,tax=k__Animalia;p__Arthropoda;c__Insecta;o__Lepidoptera;f__Noctuidae;__;__,tax=k__Animalia;p__Arthropoda;c__Insecta;o__Lepidoptera;f__Geometridae;g__Melanolophia;__,tax=k__Animalia;p__Arthropoda;c__Insecta;o__Hymenoptera;f__Pamphiliidae;g__Acantholyda;s__Acantholyda verticalis,tax=k__Animalia;p__Arthropoda;c__Insecta;o__Lepidoptera;f__Geometridae;g__Macaria;s__Macaria signaria,tax=k__Animalia;p__Arthropoda;c__Insecta;o__Neuroptera;f__Coniopterygidae;g__;s__,tax=k__Animalia;p__Arthropoda;c__Diplopoda;o__Julida;f__Julidae;g__Cylindroiulus;s__Cylindroiulus punctatus,tax=k__Animalia;p__Arthropoda;c__Arachnida;o__Araneae;f__Thomisidae;g__Xysticus;__,tax=k__Animalia;p__Arthropoda;c__Insecta;o__Lepidoptera;f__Gelechiidae;g__Coleotechnites;s__,tax=k__Animalia;p__Arthropoda;c__Insecta;o__Diptera;f__Asilidae;g__Cyrtopogon;s__,tax=k__Animalia;p__Arthropoda;c__Insecta;o__Hemiptera;f__Aphididae;g__Cinara;__,tax=k__Animalia;p__Arthropoda;c__Insecta;o__Coleoptera;f__Curculionidae;g__Lechriops;s__Lechriops californicus,tax=k__Animalia;p__Arthropoda;c__Insecta;o__Lepidoptera;f__Geometridae;g__Drepanulatrix;s__,tax=k__Animalia;p__Arthropoda;c__Insecta;o__Coleoptera;f__Elateridae;g__;s__,tax=k__Animalia;p__Arthropoda;c__Insecta;o__Diptera;f__Bibionidae;g__Bibio;s__Bibio rufipes,tax=k__Animalia;p__Arthropoda;c__Insecta;o__Hymenoptera;f__Xyelidae;g__Xyela;s__Xyela pini,tax=k__Animalia;p__Arthropoda;c__Insecta;o__Diptera;f__Tipulidae;g__;s__,tax=k__Animalia;p__Arthropoda;c__Insecta;o__Diptera;f__Syrphidae;g__Parasyrphus;__,tax=k__Animalia;p__Arthropoda;c__Insecta;o__Orthoptera;f__Trigonidiidae;g__Allonemobius;s__,tax=k__Animalia;p__Arthropoda;c__Insecta;o__Lepidoptera;f__Geometridae;g__Sericosema;__,tax=k__Animalia;p__Arthropoda;c__Insecta;o__Diptera;f__Tipulidae;__;__,tax=k__Animalia;p__Arthropoda;c__Insecta;o__Hymenoptera;f__Ichneumonidae;g__Dusona;s__Dusona vitticollis,tax=k__Animalia;p__Arthropoda;c__Insecta;o__Lepidoptera;f__Ypsolophidae;g__Ypsolopha;s__Ypsolopha barberella,tax=k__Animalia;p__Arthropoda;c__Arachnida;o__Araneae;f__Theridiidae;g__Theridion;s__Theridion neomexicanum,tax=k__Animalia;p__Arthropoda;c__Insecta;o__Coleoptera;f__Curculionidae;g__Pachyrhinus;s__Pachyrhinus elegans,tax=k__Animalia;p__Arthropoda;c__Insecta;o__Lepidoptera;f__Geometridae;g__Gabriola;s__Gabriola dyari,tax=k__Animalia;p__Arthropoda;c__Insecta;o__Hemiptera;f__Miridae;g__Phytocoris;s__Phytocoris jucundus,tax=k__Animalia;p__Arthropoda;c__Arachnida;o__Trombidiformes;f__Scutacaridae;g__;s__,tax=k__Animalia;p__Arthropoda;c__Insecta;o__Lepidoptera;f__Noctuidae;g__Syngrapha;s__Syngrapha interrogationis,tax=k__Animalia;p__Arthropoda;c__Insecta;o__Lepidoptera;f__Tortricidae;g__Epinotia;s__Epinotia tsugana,tax=k__Animalia;p__Arthropoda;c__Insecta;o__Lepidoptera;f__Tortricidae;g__Argyrotaenia;s__Argyrotaenia dorsalana,tax=k__Animalia;p__Arthropoda;c__Insecta;o__Lepidoptera;f__Geometridae;g__Nemoria;__,tax=k__Animalia;p__Arthropoda;c__Insecta;o__Lepidoptera;f__Geometridae;g__Tetracis;__,tax=k__Animalia;p__Arthropoda;c__Arachnida;o__Araneae;f__Theridiidae;g__Theridion;s__Theridion michelbacheri,tax=k__Animalia;p__Arthropoda;c__Insecta;o__Coleoptera;f__Curculionidae;g__Strophosoma;s__Strophosoma fulvicorne,tax=k__Animalia;p__Arthropoda;c__Arachnida;o__Araneae;f__;g__;s__,tax=k__Animalia;p__Arthropoda;c__Insecta;o__Coleoptera;f__Curculionidae;g__;s__,tax=k__Animalia;p__Arthropoda;c__Insecta;o__Hemiptera;f__Aphididae;g__Cinara;s__,tax=k__Animalia;p__Arthropoda;c__Arachnida;o__Trombidiformes;f__Eupodidae;g__;s__,tax=k__Animalia;p__Arthropoda;c__Arachnida;o__Trombidiformes;__;__;__,tax=k__Animalia;p__Arthropoda;c__Insecta;o__Lepidoptera;f__Blastobasidae;g__Blastobasis;s__Blastobasis glandulella,tax=k__Animalia;p__Arthropoda;c__Insecta;o__Hemiptera;f__Aphididae;g__Mindarus;s__,tax=k__Animalia;p__Arthropoda;c__Insecta;o__Diptera;f__Cecidomyiidae;__;__,tax=k__Animalia;p__Arthropoda;c__Insecta;o__Diptera;f__Simuliidae;g__Simulium;s__,tax=k__Animalia;p__Arthropoda;c__Insecta;o__Coleoptera;f__Mordellidae;g__;s__,tax=k__Animalia;p__Arthropoda;c__Insecta;o__Coleoptera;f__Scarabaeidae;g__Dichelonyx;s__Dichelonyx backii,tax=k__Animalia;p__Arthropoda;c__Insecta;o__Lepidoptera;f__Geometridae;g__Enypia;__,tax=k__Animalia;p__Arthropoda;c__Insecta;o__Diptera;f__Ephydridae;g__Philygria;s__Philygria debilis,tax=k__Animalia;p__Arthropoda;c__Arachnida;o__Araneae;f__Theridiidae;g__;s__,tax=k__Animalia;p__Arthropoda;c__Insecta;o__Hymenoptera;f__Braconidae;g__Cotesia;__,tax=k__Animalia;p__Arthropoda;c__Insecta;o__Lepidoptera;f__Sphingidae;g__Hemaris;s__Hemaris thetis,tax=k__Animalia;p__Arthropoda;c__Insecta;o__Diptera;f__Mycetophilidae;g__Mycomya;s__,tax=k__Animalia;p__Arthropoda;c__Insecta;o__Diptera;f__Milichiidae;g__Leptometopa;s__,tax=k__Animalia;p__Arthropoda;c__Insecta;o__Lepidoptera;f__Crambidae;g__Pyrausta;s__Pyrausta dapalis,Year,Type,RowSums
MOCH-2023-1,0,0,561,0,0,0,0,0,0,0,0,0,0,0,0,0,0,0,0,0,0,0,0,0,0,0,0,0,0,0,0,0,0,0,0,0,0,0,0,0,0,0,0,0,0,0,0,0,0,63,0,0,0,0,0,0,0,0,0,0,0,0,0,0,0,0,0,0,0,0,0,0,0,0,0,0,0,0,0,0,0,0,0,0,0,0,0,0,0,0,0,0,0,0,0,0,0,0,0,0,0,0,0,0,0,0,0,0,0,0,0,0,0,0,0,0,0,0,0,0,0,0,0,0,0,0,0,0,0,0,0,0,0,0,0,0,0,0,0,0,0,0,0,0,0,0,0,0,0,0,0,0,0,0,0,0,0,0,0,0,0,0,0,0,0,0,0,0,0,0,0,0,0,0,0,0,0,0,0,0,0,0,0,0,0,0,0,0,0,2023,Sample,624
MOCH-2023-101,0,0,0,5,0,0,0,380,0,0,0,0,0,0,0,0,46,0,0,0,0,0,0,0,0,0,0,0,0,0,0,0,0,0,0,0,0,0,0,0,0,0,0,0,0,0,0,0,0,0,0,0,0,0,8,0,0,0,0,0,0,0,0,0,0,0,0,0,0,0,0,0,9,0,0,0,0,0,0,0,0,0,0,0,0,0,0,0,0,0,0,0,0,0,0,0,0,0,0,0,0,0,0,0,0,0,0,0,0,0,0,0,0,0,0,0,0,0,0,0,0,0,0,0,0,0,0,0,0,0,0,0,0,0,0,0,0,0,0,0,0,0,0,0,0,0,0,0,0,0,0,0,0,0,0,0,0,0,0,0,0,0,0,0,0,0,0,0,0,0,0,0,0,0,0,0,0,0,0,0,0,0,0,0,0,0,0,0,0,2023,Sample,448
MOCH-2023-102,0,0,0,686,0,0,0,13779,0,2,0,0,0,15,0,0,946,0,0,0,0,0,0,0,3,0,0,40,0,0,3,0,0,0,0,0,661,0,0,0,0,0,0,0,0,0,0,0,0,0,0,0,0,0,0,0,0,0,0,0,0,0,0,0,0,0,0,68,0,0,0,0,0,0,39,0,0,0,0,0,0,0,0,0,0,7,0,0,0,0,0,0,0,0,0,0,0,0,0,0,0,0,0,0,0,0,128,0,0,0,0,0,0,0,0,0,0,0,0,0,0,0,0,0,0,0,0,0,0,0,0,0,0,0,0,0,0,0,0,0,0,0,0,0,0,0,0,0,0,0,0,0,0,0,0,0,0,0,0,0,0,0,0,0,0,0,0,0,45,0,0,0,0,0,88,0,0,0,0,0,0,0,0,0,0,0,0,0,0,2023,Sample,16510
MOCH-2023-103,0,0,0,0,0,0,0,700,0,0,0,0,0,0,0,0,0,0,0,0,0,0,0,0,0,0,0,0,0,0,0,61,0,0,0,0,83,0,0,0,0,0,0,0,0,0,0,0,0,0,0,0,0,1571,0,0,0,0,0,0,0,0,0,0,0,0,0,0,0,0,0,0,0,0,0,0,0,0,0,0,0,0,52,0,0,0,0,0,0,0,0,0,0,0,0,0,0,0,0,0,0,0,0,19,0,0,0,0,0,0,0,0,0,0,0,0,0,0,0,0,0,0,0,0,0,0,0,0,0,0,0,0,0,0,0,0,0,0,0,0,0,0,0,0,0,0,0,0,0,0,0,0,0,0,0,0,0,0,0,0,0,0,0,0,0,1797,0,0,0,0,0,0,0,0,0,0,0,0,0,0,0,0,0,0,0,0,0,0,0,2023,Sample,4283
MOCH-2023-104,0,0,0,0,0,0,0,0,0,0,0,0,0,0,0,0,0,0,0,0,0,0,0,0,0,0,0,0,0,0,0,11,0,0,0,0,10,0,0,0,0,0,0,0,0,0,0,0,0,0,0,0,0,0,0,0,0,0,0,0,0,0,0,0,0,0,0,0,0,0,0,0,0,0,0,0,0,0,0,0,0,0,0,0,0,0,0,0,0,0,0,0,0,0,0,0,0,0,0,0,0,0,0,0,0,0,0,0,0,0,0,0,0,0,0,0,0,0,0,0,0,0,0,0,0,0,0,0,0,0,0,0,0,0,0,0,0,0,0,0,0,0,0,0,0,0,0,0,0,0,0,0,0,0,0,0,0,0,0,0,0,0,0,0,0,0,0,0,0,0,0,0,0,0,0,0,0,0,0,0,0,0,0,0,0,0,0,0,0,2023,Sample,21
MOCH-2023-105,0,0,87,7110,0,0,0,1080,27,0,0,0,0,0,0,0,4378,0,2,0,0,0,0,0,43,0,0,0,0,3083,72,1682,0,0,0,0,1692,32,0,0,0,0,0,0,0,0,0,0,0,0,0,0,0,0,13,0,0,0,0,11,0,0,0,0,0,0,0,0,0,0,0,0,0,0,0,0,0,80,0,0,0,0,0,0,0,0,0,0,0,0,0,0,0,34,0,0,0,0,10,0,0,0,0,0,0,154,56,0,0,0,0,0,0,0,0,0,11,0,0,0,0,0,0,0,0,0,0,0,0,0,0,0,0,0,0,0,0,27,0,10,0,0,0,0,0,0,0,0,0,0,0,73,0,0,0,0,0,0,0,0,23,0,0,0,0,17,0,4,19,0,0,0,0,0,0,0,0,0,0,0,0,0,0,0,0,0,0,0,0,2023,Sample,19830
MOCH-2023-106,0,0,352,877,0,0,266,0,0,0,0,0,0,11,0,0,8,0,240,0,0,0,0,0,0,0,0,10,0,23,0,0,0,0,0,0,5,0,0,0,0,0,0,0,0,106,0,10,0,0,0,0,0,1112,0,0,0,0,0,249,0,0,0,0,0,0,0,0,0,0,0,0,0,0,0,0,0,0,0,0,0,0,0,0,0,0,0,0,0,0,0,0,0,0,0,14,0,0,0,0,0,0,0,4,0,0,4,0,0,0,0,0,0,0,0,0,0,0,0,0,0,0,0,0,0,0,0,0,0,0,0,0,0,0,0,0,0,0,0,0,0,0,128,0,0,0,0,0,0,0,0,0,0,0,0,0,0,0,0,0,0,0,0,0,0,0,0,0,0,0,0,0,0,0,0,0,0,0,0,0,0,0,0,0,0,0,0,0,0,2023,Sample,3419
MOCH-2023-107,0,0,4257,876,0,0,52401,110,21,0,0,0,0,8,0,0,22,0,106,0,0,0,0,0,0,0,0,0,3,0,84,0,0,0,0,0,34,0,0,0,0,0,0,0,190,0,0,36,0,1499,0,0,0,0,0,0,0,0,0,0,0,0,0,0,0,0,0,0,0,0,0,0,5384,0,0,0,0,0,0,0,0,0,0,0,0,0,0,0,0,0,0,0,0,0,2,0,0,0,0,0,0,0,0,0,0,0,51,0,0,0,0,0,0,0,0,0,0,0,0,0,0,60,0,0,0,0,0,0,0,0,0,0,0,0,0,0,0,0,0,0,0,0,0,0,0,0,0,0,0,0,0,0,0,0,0,0,0,0,0,0,0,0,0,0,0,0,0,0,0,0,0,0,0,0,0,0,0,0,0,0,0,0,0,0,0,0,0,0,0,2023,Sample,65144
MOCH-2023-108,0,0,4,2122,0,0,3,0,0,624,0,0,0,10,0,0,1169,0,3237,0,0,0,0,0,5,0,0,0,0,0,0,63,0,0,400,0,34,0,0,0,0,0,0,0,0,867,0,435,0,128,0,0,0,12,0,0,2,0,0,828,0,0,27,0,0,0,0,0,0,0,0,0,0,0,0,0,0,0,0,0,0,0,0,0,0,9,0,0,17,0,0,0,0,0,0,0,0,0,0,0,0,0,0,0,0,0,0,0,0,0,0,0,0,0,0,0,0,0,0,0,301,0,0,0,0,0,0,0,0,0,0,0,0,0,0,0,0,0,0,0,0,0,0,0,0,0,0,0,0,0,0,0,0,0,0,0,0,0,0,0,0,0,0,0,0,0,0,0,0,0,0,0,0,0,0,0,0,139,0,0,0,0,0,0,0,0,0,0,4,2023,Sample,10440
MOCH-2023-11,0,0,66261,0,0,0,0,0,0,0,0,0,0,0,0,0,0,0,0,0,0,0,0,0,0,0,0,0,0,0,0,1428,30,0,0,0,0,0,0,0,0,3188,0,0,0,0,0,0,0,287,0,0,0,500,160,0,110,0,0,0,0,0,0,0,0,0,0,0,0,0,0,0,0,0,0,0,0,0,0,0,0,0,0,0,0,0,0,0,0,0,0,0,0,0,0,0,0,0,0,0,0,0,0,0,133,0,0,0,0,0,0,0,0,0,0,0,0,0,0,0,0,0,0,0,0,0,0,0,0,0,0,0,0,0,0,0,0,0,0,0,0,0,0,0,0,0,0,0,0,0,0,0,0,0,0,0,0,0,0,0,0,0,0,0,0,0,0,0,0,0,0,72,0,0,0,0,0,0,0,0,0,0,0,0,0,0,0,0,0,2023,Sample,72169
MOCH-2023-111,0,0,308,103,0,0,0,152,0,0,0,0,0,0,0,0,0,0,0,0,0,0,0,0,0,0,0,0,0,0,6,0,0,0,0,0,60,0,0,0,3,0,0,0,0,0,0,0,0,0,0,0,0,0,0,3,0,0,0,0,0,0,0,0,0,0,0,0,0,0,0,0,0,0,0,0,0,0,0,0,0,0,357,0,0,0,0,0,0,0,0,0,0,0,5288,0,0,0,0,0,0,0,0,0,0,0,48,0,0,0,0,0,0,0,0,0,0,0,0,0,0,0,0,0,0,0,0,0,0,0,0,0,0,0,0,0,0,0,0,0,0,0,0,0,0,0,0,0,0,0,0,0,0,0,0,0,0,0,0,0,0,0,0,0,0,0,0,0,0,0,0,0,0,0,0,0,0,0,0,0,0,0,0,0,0,0,0,0,0,2023,Sample,6328
MOCH-2023-112,4,0,0,10,0,0,0,636,0,0,0,0,0,0,0,0,541,0,0,0,0,0,0,0,0,0,0,0,0,0,0,31,0,0,0,0,112,78,0,0,0,0,0,0,0,0,0,0,0,0,0,0,0,0,0,0,0,0,0,0,0,0,0,0,0,0,0,76,0,0,0,0,0,0,0,0,0,0,0,0,0,0,0,0,0,0,0,0,0,0,0,0,0,0,0,0,0,0,0,0,0,0,0,0,0,0,0,0,0,0,0,0,0,0,0,0,0,0,0,288,0,0,0,0,0,0,0,0,0,0,0,0,0,0,0,0,0,0,0,0,0,0,0,0,0,0,0,0,0,0,0,0,0,0,0,0,20,0,0,0,0,0,0,0,0,0,0,0,0,0,0,0,0,0,0,0,0,0,0,0,0,0,0,0,0,0,0,0,0,2023,Sample,1796
MOCH-2023-113,0,0,95,1047,0,0,0,158,0,0,0,0,162,11,0,0,555,0,0,0,0,0,0,0,0,0,0,24,0,0,0,419,0,20,0,0,2488,0,0,0,0,0,0,0,0,644,0,0,0,0,0,0,0,0,8,0,0,0,0,0,0,0,0,0,0,0,0,1050,0,0,0,0,384,0,0,0,0,0,0,0,0,0,0,0,2390,3,0,0,0,0,7,0,0,0,0,0,0,0,0,0,0,0,0,0,0,0,3,0,0,0,0,0,0,0,0,0,0,0,0,75,0,120,0,0,0,0,0,0,0,0,0,0,0,0,0,0,0,0,0,0,0,0,0,0,0,0,0,0,0,1019,0,0,0,0,0,0,0,0,0,0,0,0,0,0,0,0,0,0,0,0,40,0,0,0,0,0,0,0,0,0,0,0,0,0,0,0,0,0,0,2023,Sample,10722
MOCH-2023-114,17,0,1834,61,0,0,0,36,0,0,0,0,0,3,0,0,0,0,0,0,0,0,0,0,0,0,0,0,0,0,9,0,0,0,0,3,0,0,0,0,0,0,0,0,0,0,0,0,0,0,0,0,0,0,0,0,0,0,0,0,0,0,0,0,0,0,0,59,0,0,0,0,0,0,0,0,0,0,0,0,0,0,0,0,0,0,0,0,0,0,0,0,0,0,0,0,0,0,0,0,0,0,0,0,0,0,0,0,0,0,0,0,0,0,0,0,0,0,0,0,0,0,0,0,0,0,0,0,0,0,0,0,0,0,0,27,0,0,0,0,0,0,0,0,0,0,0,0,0,0,0,0,0,0,0,0,0,0,0,0,0,0,0,0,0,0,0,0,0,0,0,0,0,0,0,0,0,0,0,0,0,0,0,0,0,0,0,0,0,2023,Sample,2049
MOCH-2023-115,0,0,0,11,0,0,0,35,0,0,0,0,0,0,0,0,0,0,0,0,0,0,0,0,0,0,0,0,0,0,0,0,0,0,0,0,0,0,0,0,0,0,0,0,0,0,0,0,0,0,0,0,0,0,0,0,0,0,0,0,0,0,0,0,0,0,0,0,0,0,0,0,0,0,0,0,0,0,0,0,0,0,0,0,0,0,0,0,0,0,0,0,0,0,0,0,0,0,0,0,0,0,0,0,0,0,0,0,0,0,0,0,0,0,0,0,0,0,0,0,0,0,0,0,0,0,0,0,0,0,0,0,0,0,0,0,0,0,0,0,0,0,0,0,0,0,0,0,0,0,0,0,0,0,0,0,0,0,0,0,0,0,0,0,0,0,0,0,0,0,0,0,0,0,0,0,0,0,0,0,0,0,0,0,0,0,0,0,0,2023,Sample,46
MOCH-2023-116,0,0,0,9,0,0,0,14,0,0,0,0,0,0,0,0,0,0,0,0,0,0,3,0,0,0,0,0,0,0,0,0,0,0,0,0,0,0,0,0,0,0,0,0,0,0,0,0,0,0,0,0,0,0,0,0,0,0,0,576,0,0,0,0,0,0,0,0,0,0,3,0,4,0,0,5,0,0,0,0,0,0,0,0,0,0,0,0,0,0,0,0,0,0,0,0,0,0,0,0,0,0,0,0,0,0,0,0,0,0,0,0,0,0,0,0,0,0,0,0,0,0,0,0,0,0,0,0,0,0,0,0,0,0,0,0,0,0,27,0,0,0,0,0,0,0,0,0,0,0,0,0,0,0,0,0,0,0,0,0,0,0,0,0,0,0,0,0,0,0,0,0,0,0,0,0,0,0,0,0,0,0,0,0,0,0,0,0,0,2023,Sample,641
MOCH-2023-117,0,0,0,11,0,0,0,45,0,0,0,0,0,23,0,0,0,0,0,0,0,0,0,0,0,0,0,0,0,0,0,186,0,0,0,0,4,0,0,0,0,0,0,0,0,0,0,0,0,0,0,0,0,0,0,0,0,0,0,0,0,0,0,0,0,0,4,2522,0,0,0,0,0,0,0,0,0,0,0,0,0,0,0,0,383,0,0,0,0,0,0,0,0,0,0,0,0,0,0,0,0,0,0,0,0,0,0,0,0,0,0,0,0,0,0,0,0,0,0,0,0,0,0,0,0,0,0,0,0,0,0,0,0,0,0,0,0,0,0,0,0,0,0,0,0,0,0,0,0,0,0,0,0,0,0,0,0,0,0,0,0,0,0,0,0,0,0,0,0,0,0,0,0,0,0,0,0,0,0,0,0,0,0,0,0,0,0,0,0,2023,Sample,3178
MOCH-2023-118,0,0,0,320,0,0,0,18,0,0,0,0,0,0,0,0,84,0,0,0,0,0,0,0,0,0,0,0,0,0,0,0,0,0,0,0,17,0,0,0,0,0,0,0,101,170,0,0,0,438,0,0,0,0,0,0,0,0,0,49,0,0,0,0,0,0,0,232,0,0,0,0,0,0,7,0,0,0,0,0,0,0,9,0,0,0,0,0,0,0,0,0,0,0,0,11,0,0,0,0,0,0,0,0,0,0,0,0,0,0,0,0,0,0,0,0,0,0,0,0,0,0,0,0,0,0,0,0,0,0,0,0,0,0,0,0,0,0,0,0,0,0,0,0,0,0,0,0,0,0,0,99,0,0,0,30,0,0,0,0,0,0,0,0,0,0,0,0,0,0,0,0,0,0,0,0,0,0,0,0,0,0,0,0,0,0,0,0,0,2023,Sample,1585
MOCH-2023-119,0,0,0,7,0,0,24,0,0,0,0,0,0,0,0,0,9,0,8,0,0,0,0,0,0,0,0,0,0,20,0,0,0,0,0,0,0,0,0,0,0,0,0,0,0,0,0,0,0,16,0,0,0,6,0,0,0,0,0,0,0,0,0,0,0,0,0,0,0,0,0,0,0,0,0,0,0,0,0,0,0,0,0,0,0,0,0,0,0,0,0,0,0,0,0,0,0,0,0,0,0,0,0,0,0,0,0,0,0,0,0,0,0,0,0,0,0,0,0,0,0,0,0,0,0,0,0,0,0,0,0,0,0,0,0,0,0,0,0,0,0,0,0,0,0,0,0,0,0,0,0,13,0,0,0,0,0,0,0,0,0,0,0,0,0,0,0,0,0,0,0,0,0,0,0,0,0,0,0,2,0,0,0,0,0,0,0,0,0,2023,Sample,105
MOCH-2023-12,0,0,311,0,0,0,0,0,6,0,0,0,0,0,0,0,0,0,0,0,0,0,0,0,0,0,0,0,0,0,0,0,0,0,0,0,0,0,0,0,0,0,0,0,0,0,0,0,0,0,0,0,0,0,0,0,0,0,0,0,0,0,0,0,0,43,0,0,0,0,0,0,0,0,0,0,0,0,0,0,0,0,0,0,0,0,0,0,0,0,0,0,0,0,0,0,0,0,0,0,0,0,0,0,0,0,0,0,0,0,0,0,0,0,0,0,0,0,0,0,0,0,0,0,0,0,0,0,0,0,0,0,0,0,0,0,0,0,0,0,0,0,0,0,0,0,0,0,0,0,0,0,0,0,0,0,0,0,0,0,0,0,0,0,0,0,0,0,0,0,0,0,0,0,0,0,0,0,0,0,0,0,0,0,0,0,0,0,0,2023,Sample,360
MOCH-2023-120,2,0,0,0,0,0,0,0,0,0,0,25,0,407,0,0,36,0,0,0,0,0,0,0,0,0,0,0,0,0,47,0,0,0,0,0,0,0,0,0,0,0,0,0,0,0,0,0,6,0,0,0,0,0,0,0,0,0,0,0,0,0,0,0,0,0,0,8468,0,0,0,0,0,0,33,8,0,0,0,0,0,0,0,0,0,0,0,0,0,0,0,0,0,3,9,0,0,0,0,0,0,0,0,0,0,0,0,0,0,0,0,0,0,0,0,0,0,56,0,0,0,0,0,0,0,0,0,0,0,0,0,0,0,0,0,0,0,0,0,23,0,0,0,0,0,0,0,0,0,0,0,1058,0,0,0,59,0,0,0,0,0,0,0,0,0,0,0,0,0,0,0,0,0,0,0,0,0,0,0,0,0,0,0,0,0,0,0,0,0,2023,Sample,10240
MOCH-2023-121,0,0,0,32,0,0,0,51,0,0,0,0,25,0,0,0,15,0,0,0,0,0,0,0,0,0,0,0,0,0,3,0,0,0,0,0,0,0,0,0,0,0,0,0,0,0,0,0,0,0,0,0,0,0,0,0,0,0,0,0,0,0,0,0,0,0,0,0,0,0,0,0,0,0,0,0,0,0,0,0,0,0,0,0,0,0,0,0,0,0,0,0,0,0,0,0,0,0,0,0,0,0,0,0,0,0,0,0,0,0,0,0,0,0,0,0,0,0,0,0,0,0,0,0,0,0,0,0,0,0,0,0,0,0,0,0,0,0,0,0,0,0,0,0,0,0,0,0,0,0,0,0,0,0,0,0,0,0,0,0,0,0,0,0,0,0,0,0,0,0,0,0,0,0,0,0,0,0,0,0,0,0,0,0,0,0,0,0,0,2023,Sample,126
MOCH-2023-122,4,0,9,0,0,0,4364,11064,0,0,0,0,0,0,0,0,0,0,0,0,0,0,0,0,0,0,0,0,0,0,0,644,0,0,12,0,0,5,0,0,0,0,0,0,0,0,0,0,0,0,0,0,0,0,0,0,0,0,0,0,0,0,0,0,0,0,0,0,0,0,0,0,0,0,28,0,0,0,0,0,72,0,0,0,0,0,0,0,0,0,0,0,0,0,0,0,0,0,0,0,0,0,0,0,0,0,0,0,0,0,0,0,0,0,0,0,0,0,0,0,0,0,0,9,0,0,0,0,0,0,0,0,0,0,0,0,0,0,0,0,0,0,0,0,0,0,0,0,0,0,0,0,0,0,0,0,0,0,0,0,0,0,0,0,0,0,0,0,0,0,0,0,0,0,0,0,0,0,0,0,0,0,0,0,0,0,0,0,0,2023,Sample,16211
MOCH-2023-13,0,0,10663,0,0,0,0,0,10,0,0,0,0,0,0,0,0,0,0,0,0,19,0,0,0,0,0,0,0,0,8,45,0,0,0,0,0,0,0,0,0,0,0,0,0,0,0,0,7,0,0,0,0,0,0,0,0,0,0,0,0,0,0,0,0,0,0,0,0,0,0,0,0,0,0,0,0,0,0,0,0,0,0,0,0,0,0,0,0,0,0,0,0,0,0,0,0,0,0,0,4,0,0,0,0,0,0,0,0,0,0,0,0,0,0,0,0,0,0,0,0,0,0,0,0,0,0,0,0,0,0,0,0,0,0,0,0,0,0,0,0,0,0,0,0,0,0,0,0,0,0,0,0,0,0,0,0,0,0,112,0,0,0,0,0,0,0,0,0,0,0,0,0,0,0,0,0,0,0,0,0,0,0,0,0,0,0,0,0,2023,Sample,10868
MOCH-2023-14,18,0,0,0,0,0,0,0,36435,390,0,0,0,0,0,0,0,0,0,0,0,0,0,0,0,0,0,0,0,0,0,0,0,0,0,0,0,0,0,0,0,0,0,0,8,0,0,0,0,0,0,0,0,0,0,0,0,0,0,0,0,0,0,0,0,0,0,0,0,0,0,0,0,0,0,0,0,0,0,0,0,0,0,0,0,0,0,0,0,0,0,0,0,0,0,0,0,0,0,0,0,0,0,0,0,0,0,0,0,0,0,0,0,0,0,0,0,0,0,0,0,0,0,0,0,0,0,0,0,0,0,0,0,0,0,0,0,0,0,0,0,0,0,0,0,0,0,0,0,0,0,0,0,0,0,0,0,0,0,0,0,0,0,0,0,0,0,0,0,0,0,0,0,0,0,0,0,0,0,0,0,46,0,0,0,0,0,0,0,2023,Sample,36897
MOCH-2023-15,0,0,137,71,0,0,0,143,9,11,0,0,0,0,0,0,0,0,0,0,0,0,0,0,0,0,0,0,0,0,0,117,0,0,0,0,0,0,0,0,0,0,0,0,0,0,0,0,0,0,0,0,0,0,0,0,0,0,0,0,0,0,0,0,0,0,0,0,0,0,0,0,0,0,0,0,0,0,0,0,0,0,0,0,7,0,0,0,0,0,0,0,0,0,0,0,0,0,0,0,0,0,0,0,0,0,0,0,0,0,0,0,0,0,0,0,0,0,0,0,0,0,0,0,0,0,0,0,0,0,0,0,0,0,0,0,0,0,0,0,0,0,0,0,0,0,0,0,0,0,0,0,0,0,0,0,0,0,0,0,0,0,0,0,0,0,0,0,0,0,0,0,0,0,0,0,0,0,0,0,0,0,0,0,0,0,0,0,0,2023,Sample,495
MOCH-2023-16,0,0,536,0,0,0,0,0,0,84,0,0,0,0,0,0,0,0,0,0,0,0,0,0,0,0,0,35,0,0,0,0,0,0,0,0,0,0,0,0,0,0,0,0,0,0,0,0,12,0,0,0,80,52,0,0,39,0,0,0,0,0,0,0,16,0,0,0,0,0,0,0,0,0,0,0,0,0,0,0,0,0,4,0,0,0,0,0,0,0,0,0,0,0,0,0,0,0,0,0,0,0,0,0,0,0,0,0,7,0,0,0,0,0,0,0,0,0,0,0,0,0,0,0,0,0,0,0,0,0,0,0,0,0,0,0,0,0,0,0,0,0,0,0,0,0,0,0,0,0,0,0,0,0,0,0,0,0,0,0,0,0,0,0,0,0,0,0,0,0,0,0,0,0,0,0,0,0,0,0,0,0,0,0,0,0,2,0,0,2023,Sample,867
MOCH-2023-17,0,0,10,0,0,0,0,0,11,0,0,0,0,60,0,0,0,0,0,0,0,0,0,0,0,0,0,0,0,0,16,0,0,0,0,0,0,0,0,0,0,0,0,0,0,0,0,0,20,0,0,0,0,2,0,0,0,0,0,0,0,0,0,0,0,0,0,0,0,0,0,0,0,0,0,0,0,0,0,0,0,0,0,0,0,0,0,0,0,0,0,0,0,0,0,0,0,4,0,0,0,0,0,0,0,0,0,0,0,0,0,0,0,0,0,0,0,0,0,0,0,0,0,0,0,0,0,0,0,0,0,0,0,0,0,0,0,0,0,0,0,0,0,0,0,0,0,0,0,0,0,0,0,0,0,0,0,0,0,0,0,0,0,0,0,0,0,0,0,0,0,0,0,0,0,0,0,0,0,0,0,0,0,0,0,0,0,0,0,2023,Sample,123
MOCH-2023-18,0,0,0,0,1,0,0,0,0,0,0,0,0,0,0,0,0,0,0,0,0,0,0,0,0,0,0,0,0,0,0,0,0,0,0,0,0,0,0,0,0,0,0,0,0,0,0,0,0,0,0,0,0,0,0,0,0,0,0,0,0,0,0,0,0,0,0,0,0,0,0,0,0,0,0,0,0,0,0,0,0,0,0,0,0,0,0,0,0,0,0,0,0,0,0,0,0,0,0,0,0,0,0,0,0,0,0,0,0,0,0,0,0,0,0,0,0,0,0,0,0,0,0,0,0,0,0,0,0,0,0,0,0,0,0,0,0,0,0,0,0,0,0,0,0,0,0,0,0,0,0,0,0,0,0,0,0,0,0,0,0,0,0,0,0,0,0,0,0,0,0,0,0,0,0,0,0,0,0,0,0,0,0,0,0,0,0,0,0,2023,Sample,1
MOCH-2023-19,80,0,56337,611,59,0,0,0,485,137,33,0,0,11,0,0,489,14,0,0,0,0,0,0,0,0,123,4,0,325,12,108,0,0,0,0,0,0,0,884,0,0,0,24,19,14,0,0,0,7789,0,106,0,35,0,0,51,8,0,0,0,0,0,0,0,474,0,0,0,0,0,0,0,0,0,0,0,34,0,0,0,0,154,0,459,0,0,0,0,0,0,0,0,2,376,0,0,0,0,0,0,3,0,0,0,0,0,0,3,0,0,0,25,0,0,6,0,0,0,0,0,0,0,0,0,0,0,0,0,0,0,0,0,0,0,0,0,0,0,803,0,0,0,0,0,0,0,0,0,0,0,31,0,0,0,0,0,0,0,0,0,0,0,0,0,0,0,0,0,0,0,0,0,0,0,9,0,0,0,0,0,0,0,0,0,0,0,0,0,2023,Sample,70137
MOCH-2023-2,0,0,807,0,0,0,0,0,70,31,0,0,0,0,0,0,0,0,0,0,0,0,0,0,0,0,0,0,0,0,0,148,0,0,0,0,0,0,0,0,0,0,0,0,0,0,0,0,0,0,0,0,0,0,0,0,0,0,0,0,0,0,0,0,0,0,0,0,0,0,0,0,0,0,0,0,0,0,0,0,0,0,0,0,0,0,0,0,0,0,0,0,0,0,0,0,0,0,0,0,0,0,0,0,0,0,0,0,0,0,0,0,0,0,0,0,0,0,0,0,0,0,0,0,0,0,0,0,0,0,0,0,0,0,0,0,0,0,0,0,0,0,0,0,0,0,0,0,0,0,0,0,0,0,0,0,0,0,0,0,0,0,0,0,0,0,0,0,0,0,0,0,0,0,0,0,0,0,0,0,0,0,0,0,0,0,0,0,0,2023,Sample,1056
MOCH-2023-20,0,0,47576,14,0,0,0,0,14655,179,0,0,0,295,0,0,7,0,0,0,0,0,0,0,0,0,0,0,0,0,0,310,0,0,0,0,0,0,0,39,0,195,0,0,0,0,0,0,0,131,0,0,0,10,0,0,0,0,0,0,0,0,0,0,0,0,0,0,0,0,6,0,0,0,0,0,12,0,0,0,0,0,0,0,42,0,0,0,0,0,0,0,0,0,0,0,0,0,0,0,0,0,0,0,0,0,0,0,0,0,0,0,0,0,0,0,0,0,0,0,0,0,0,0,0,0,0,6,0,0,0,0,0,0,1567,0,0,0,0,0,0,0,18,0,0,0,0,0,0,0,196,0,0,0,0,0,0,0,0,0,0,0,0,0,0,0,0,0,0,0,0,0,0,0,0,0,0,0,0,0,0,0,0,0,0,0,0,0,0,2023,Sample,65258
MOCH-2023-21,0,0,0,0,0,0,0,0,0,0,0,0,0,0,0,0,0,0,0,0,0,0,0,0,0,0,0,0,0,0,0,0,0,0,0,0,0,0,0,0,0,0,0,0,0,0,0,0,0,51,0,0,0,0,0,0,0,0,0,0,0,0,0,0,0,0,0,0,0,0,0,0,0,0,0,0,0,0,0,0,0,0,0,0,0,0,0,0,0,0,0,0,0,0,0,0,0,0,0,0,0,0,0,0,0,0,0,0,0,0,0,0,0,0,0,0,0,0,0,0,0,0,0,0,0,0,0,0,0,0,0,0,0,0,0,0,0,0,0,0,0,0,0,0,0,0,0,0,0,0,0,0,0,0,0,0,0,0,0,0,0,0,0,0,0,0,0,0,0,0,0,0,0,0,0,0,0,0,0,0,0,0,0,0,0,0,0,0,0,2023,Sample,51
MOCH-2023-22,0,0,265,69,68,0,0,63,393121,288,0,65,0,1363,0,0,1183,98,0,0,0,0,0,0,0,0,0,570,0,0,1409,258,0,0,15,0,0,77,0,298376,0,2917,0,0,0,0,0,0,0,153360,0,0,0,190,453,0,10588,7229,0,0,0,0,0,0,0,0,0,0,0,0,0,0,0,0,0,0,0,0,0,0,0,0,0,199,620,0,546,0,0,0,0,0,0,0,14,0,217,0,0,0,0,0,87,0,0,0,0,0,2684,0,0,0,10,0,0,0,0,0,0,0,0,0,0,0,0,0,0,0,0,0,0,0,0,0,254,0,0,0,623,0,0,0,0,0,0,0,186,0,0,0,156,0,0,0,0,0,0,385,0,0,0,263,0,0,0,0,0,0,0,0,0,0,0,0,0,0,0,0,0,0,0,0,0,0,0,0,0,0,0,2023,Sample,878269
MOCH-2023-23,0,0,4418,0,0,0,0,0,84,0,0,0,0,11,0,0,98,0,0,0,0,0,0,0,0,0,0,0,0,488,0,0,0,0,0,0,0,0,0,0,0,0,0,0,0,0,0,0,0,0,0,0,0,1840,0,0,0,0,0,0,0,0,0,0,0,0,0,0,0,0,0,0,0,0,0,0,0,0,0,0,0,0,0,0,0,0,0,0,0,0,0,131,0,0,0,0,0,0,0,0,0,0,0,0,0,0,0,0,0,0,0,0,0,0,0,0,0,0,0,0,0,0,0,0,0,0,0,0,0,0,0,0,0,0,0,0,0,0,0,0,0,0,0,0,0,0,0,0,0,0,0,0,0,0,0,0,0,0,0,0,0,0,0,0,0,0,0,0,0,0,0,0,0,0,0,0,0,0,0,0,0,0,0,0,0,0,0,0,0,2023,Sample,7070
MOCH-2023-24,75,0,152,0,0,0,0,0,0,69,0,0,0,0,0,0,0,0,0,0,0,0,0,0,0,0,0,0,0,0,0,0,0,0,0,0,0,0,0,102,0,9,0,0,0,0,0,0,0,0,0,0,0,9,0,0,48,0,0,0,0,0,0,0,0,0,0,0,0,0,0,0,0,0,0,0,0,0,0,0,0,0,0,0,0,0,0,0,0,0,0,0,0,0,0,0,0,0,0,0,0,0,0,0,0,0,0,0,0,0,0,0,0,0,0,0,0,0,0,0,0,0,0,0,0,0,0,0,0,0,0,0,0,0,0,0,0,0,0,0,0,0,0,0,0,0,0,0,0,0,0,0,0,0,0,0,0,0,0,0,0,0,0,0,0,0,0,0,0,0,0,0,0,0,0,0,0,0,0,0,0,0,0,0,0,0,0,0,0,2023,Sample,464
MOCH-2023-25,105,0,0,27,0,0,0,0,0,91,0,0,0,0,0,0,0,0,0,0,0,0,0,0,0,0,0,0,0,0,0,0,0,0,0,0,0,0,0,0,0,0,0,0,0,0,0,0,0,0,0,0,0,0,0,0,0,0,0,0,0,0,0,0,0,0,0,0,0,0,0,0,0,0,0,0,0,0,0,0,0,0,0,0,0,0,0,0,0,0,0,0,0,0,0,0,0,0,0,0,0,0,0,0,0,0,0,0,0,0,0,0,0,0,0,0,0,0,0,0,0,0,0,0,0,0,0,0,0,0,0,0,0,0,0,0,0,0,0,0,0,0,0,0,0,0,0,0,0,0,0,0,0,0,0,0,0,0,0,0,0,0,0,0,0,0,0,0,0,0,0,0,0,0,0,0,0,0,0,0,0,0,0,0,0,0,0,0,0,2023,Sample,223
MOCH-2023-26,0,0,0,3,0,0,0,0,0,0,0,0,0,0,0,0,0,0,0,0,0,0,0,0,0,0,0,0,0,0,0,0,0,0,0,0,0,0,0,0,0,0,0,0,0,0,0,0,0,0,0,0,0,0,0,0,0,0,0,0,0,0,0,0,0,0,0,0,0,0,0,0,0,0,0,0,0,0,0,0,0,0,0,0,0,0,0,0,0,0,0,0,0,0,0,0,0,0,0,0,0,0,0,0,0,0,0,0,0,0,0,0,0,0,0,0,0,0,0,0,0,0,0,0,0,0,0,0,0,0,0,0,0,0,0,0,0,0,0,47,0,0,0,0,0,0,0,0,0,0,0,0,0,0,0,0,0,0,0,0,0,0,0,0,0,0,0,0,0,0,0,0,0,0,0,0,0,0,0,0,0,0,0,0,0,0,0,0,0,2023,Sample,50
MOCH-2023-27,0,0,679,0,0,0,0,0,0,0,0,0,0,0,0,0,0,0,0,0,0,0,0,0,0,0,0,0,0,0,0,0,0,0,0,0,0,0,0,0,0,0,0,0,0,0,0,0,0,0,0,0,0,0,0,0,0,0,0,0,0,0,0,0,0,0,0,0,0,0,0,0,0,0,0,0,0,0,0,0,0,0,0,0,0,0,0,0,0,0,0,0,0,0,0,0,0,0,0,0,0,0,0,0,0,0,0,0,0,0,0,0,0,0,0,0,0,0,0,0,0,0,0,0,0,0,0,0,0,0,0,0,0,0,0,0,0,0,0,0,0,0,0,0,0,0,0,0,0,0,0,0,0,0,0,0,0,0,0,0,0,0,0,0,0,0,0,0,0,0,0,0,0,0,0,0,0,0,0,0,0,0,0,0,0,0,0,0,0,2023,Sample,679
MOCH-2023-28,0,0,0,0,0,0,0,0,0,0,0,0,0,0,0,0,0,0,0,0,0,0,0,0,0,0,0,0,0,15,0,0,0,0,0,0,0,0,0,0,0,0,0,0,0,0,0,0,0,0,0,0,0,0,0,0,0,0,0,0,0,0,0,0,0,0,0,0,0,0,0,0,0,0,0,0,0,0,0,0,0,0,0,0,0,0,0,0,0,0,0,0,0,0,0,0,0,0,0,0,0,0,0,0,0,0,0,0,0,0,0,0,0,0,0,0,0,0,0,0,0,0,0,0,0,0,0,0,0,0,0,0,0,0,0,0,0,0,0,0,0,0,0,0,0,0,0,0,0,0,0,0,0,0,0,0,0,0,0,0,0,0,0,0,0,0,0,0,0,0,0,0,0,0,0,0,0,0,0,0,0,0,0,0,0,0,0,0,0,2023,Sample,15
MOCH-2023-29,0,0,0,0,0,0,0,0,0,3,0,0,0,0,0,0,0,0,0,0,0,0,0,0,0,0,0,4,0,715,0,2794,0,0,0,0,0,0,0,0,0,0,0,0,0,0,0,0,1713,0,0,0,0,0,0,0,0,0,0,0,0,0,0,0,0,0,0,0,0,0,0,0,0,0,0,0,0,0,0,0,0,0,0,0,0,0,0,0,0,0,0,0,0,0,0,0,0,0,0,0,0,0,0,0,0,0,0,0,0,0,0,0,0,0,0,0,0,0,0,0,0,0,0,0,0,0,0,0,0,0,0,0,0,0,0,0,0,0,0,40,0,0,0,0,0,0,0,0,0,0,0,0,0,0,0,0,0,0,0,0,0,0,0,0,0,0,0,0,0,0,0,0,0,0,0,0,0,0,0,0,0,0,0,0,0,0,0,0,0,2023,Sample,5269
MOCH-2023-3,0,0,0,0,0,0,0,0,12,0,0,0,0,0,0,0,0,0,0,0,0,0,0,0,0,0,0,0,0,0,0,20,0,0,0,0,0,0,0,0,0,0,0,0,0,0,0,0,0,34,0,0,0,0,0,0,0,0,0,0,0,0,0,0,0,0,0,0,0,0,0,0,0,0,0,0,0,0,0,0,0,0,0,0,0,0,0,0,0,0,0,0,0,0,2,0,0,0,0,0,0,0,0,0,0,0,0,0,0,0,0,0,0,0,0,0,0,0,0,0,0,0,0,0,0,0,0,0,0,0,0,0,0,0,0,0,0,0,0,0,0,0,0,0,0,0,0,0,0,0,0,0,0,0,0,0,0,0,0,0,0,0,0,0,0,0,0,0,0,0,0,0,0,0,0,0,0,0,0,0,0,0,0,0,0,0,0,0,0,2023,Sample,68
MOCH-2023-30,0,0,16,0,0,0,0,87,18,146,0,0,0,372,0,0,0,0,0,0,0,0,0,0,0,0,0,0,0,201,277,69,0,0,0,0,253,0,0,103,0,29,0,0,0,0,0,0,0,138,0,0,0,0,0,0,0,0,0,0,0,0,0,0,0,0,0,0,0,0,0,0,0,0,0,0,0,0,0,0,0,0,168,0,0,0,0,3,0,0,0,0,0,0,0,0,0,0,0,0,0,0,0,0,0,0,0,0,0,0,0,0,0,0,0,0,0,0,0,0,0,0,0,0,0,0,0,0,0,0,0,0,0,0,0,0,0,0,0,0,0,0,0,0,0,0,0,0,0,0,0,0,0,0,0,0,0,0,0,0,0,0,0,0,0,0,0,0,0,0,0,0,0,0,0,0,0,0,0,0,0,0,0,0,2,0,0,0,0,2023,Sample,1882
MOCH-2023-32,33,0,0,12,0,0,0,0,11,0,0,0,0,6,0,0,0,0,0,0,0,0,0,0,0,0,0,0,0,0,0,41,0,0,0,0,0,0,0,0,0,0,0,0,0,0,0,0,0,0,0,0,0,0,0,0,0,0,0,0,0,0,0,0,0,0,0,0,0,0,0,0,0,0,0,0,0,0,0,0,0,0,0,0,0,0,0,0,0,0,0,0,0,0,0,0,0,0,0,0,0,0,0,0,0,0,0,0,0,0,0,0,0,0,0,0,0,0,0,0,0,0,0,0,0,0,0,0,0,0,0,0,0,0,0,0,0,0,0,0,0,0,0,0,0,0,0,0,0,0,0,0,0,0,0,0,0,0,0,0,0,0,0,0,0,0,0,0,0,0,0,0,0,0,0,0,0,0,0,0,0,0,0,0,0,0,0,0,0,2023,Sample,103
MOCH-2023-33,1786,0,257,3956,0,0,0,0,477,45526,0,0,0,318,0,0,0,0,0,0,0,0,0,0,0,0,0,0,0,0,22,1314,0,0,0,0,0,0,0,28579,0,3721,0,0,101,0,0,0,0,0,0,0,0,0,0,0,0,0,0,0,0,0,0,0,0,550,0,0,0,0,0,0,0,0,0,0,0,0,0,217,0,0,0,0,0,0,0,0,0,0,0,0,0,0,0,0,0,0,0,0,0,0,0,0,0,1253,0,0,0,0,0,0,0,0,0,0,0,0,0,0,0,0,0,0,0,0,0,0,0,0,0,0,0,0,187,0,0,0,0,0,0,0,0,0,0,0,0,0,0,0,0,780,0,0,0,0,0,0,0,0,0,0,0,0,0,0,0,0,0,0,0,0,22,0,0,0,0,0,0,0,11,0,0,0,0,0,0,0,0,2023,Sample,89077
MOCH-2023-34,1816,4792,172,811,0,0,0,243,296,4697,0,0,0,1537,0,0,931,0,0,0,0,0,0,0,0,0,3,0,0,6,719,8931,0,0,0,0,0,34,0,200095,0,0,0,563,0,5321,0,0,0,2071,0,19,0,79,91,0,24369,0,0,0,0,0,0,0,355,0,0,118,0,0,0,0,0,0,0,0,0,0,0,0,0,0,21,1101,0,0,0,0,0,8,0,0,0,0,19,0,0,0,0,0,0,0,0,0,0,0,0,0,0,0,0,0,0,0,0,0,0,0,0,0,0,0,0,0,0,0,0,0,127,0,36,0,0,0,0,0,0,0,0,0,0,0,0,0,0,0,0,0,0,0,0,0,0,0,0,0,0,0,0,0,0,0,0,145,0,0,0,0,0,0,0,0,0,0,0,0,0,0,0,0,0,0,0,0,0,0,0,0,0,2023,Sample,259526
MOCH-2023-35,0,0,9,49,0,0,0,0,96,7,0,0,0,61,0,0,10,0,0,0,0,0,0,2,0,0,0,0,0,105,0,25,0,0,0,0,0,0,0,0,0,0,0,0,0,0,0,0,0,2557,0,0,0,0,0,0,26,0,0,0,0,0,0,0,0,0,0,0,0,0,0,0,0,0,0,0,0,0,0,0,0,0,0,0,30,0,0,0,0,0,0,0,0,0,0,0,0,0,0,0,7,0,0,0,0,0,0,0,0,0,0,0,0,0,0,0,5,0,0,0,0,0,0,0,0,0,0,0,0,0,0,0,0,0,0,0,0,0,0,0,0,0,0,0,0,0,0,0,0,0,0,0,0,0,0,0,0,0,0,0,0,0,0,0,0,0,0,0,0,0,0,0,0,0,0,0,0,0,0,0,0,0,0,0,0,0,0,0,0,2023,Sample,2989
MOCH-2023-36,0,0,0,0,0,0,0,0,0,3,0,0,0,0,0,0,0,0,0,0,0,0,0,0,0,0,0,0,0,0,0,0,0,0,0,0,0,0,0,3,0,0,0,0,0,0,0,0,0,0,0,0,0,0,0,0,0,0,0,0,0,0,0,0,0,0,0,0,0,0,0,0,0,0,0,0,0,0,0,0,0,0,0,0,0,0,0,0,0,0,0,0,0,0,0,0,0,0,0,0,0,0,0,0,0,0,0,0,0,0,0,0,0,0,0,0,0,0,0,0,0,0,0,0,0,0,0,0,0,0,0,0,0,0,0,0,0,0,0,0,0,0,0,0,0,0,0,0,0,0,0,0,0,0,0,0,0,0,0,0,0,0,0,0,0,0,0,0,0,0,0,0,0,0,0,0,0,0,0,0,0,0,0,0,0,0,0,0,0,2023,Sample,6
MOCH-2023-37,0,0,0,0,0,0,0,0,0,0,0,0,0,0,0,0,0,0,0,0,0,0,0,0,0,0,0,0,0,0,0,0,0,0,0,0,0,0,0,0,0,0,0,0,0,0,0,0,0,0,0,16093,0,0,0,0,0,0,0,0,0,0,0,0,0,0,0,0,0,0,0,6,0,0,0,0,0,0,0,0,0,0,0,0,0,0,0,0,0,0,0,0,0,0,0,0,0,0,0,0,0,0,0,0,0,0,0,0,0,0,0,0,0,0,0,0,0,0,0,0,0,0,0,0,0,0,0,0,0,0,0,0,0,0,0,0,0,0,0,0,0,0,0,0,0,0,0,0,0,0,0,0,0,0,0,0,0,0,0,0,0,0,0,0,0,0,0,0,0,0,0,0,0,0,0,0,0,0,0,0,0,0,0,0,0,0,0,0,0,2023,Sample,16099
MOCH-2023-38,0,0,26,0,0,0,0,0,314,0,0,0,0,16,0,0,28,0,0,0,0,0,0,0,0,0,0,0,0,9,42,0,0,0,0,0,0,0,0,21,0,0,0,0,0,0,0,0,3,0,0,0,0,0,0,0,0,0,0,0,0,0,0,0,0,0,0,0,0,0,0,0,0,0,0,0,0,0,0,0,0,0,0,0,0,0,0,0,0,0,0,0,0,0,0,0,0,0,0,0,0,0,0,0,0,0,0,0,0,0,0,0,0,0,0,0,0,0,0,0,0,0,0,0,0,0,0,0,0,0,0,0,0,0,0,0,0,0,0,0,0,0,0,0,0,0,0,0,0,0,0,0,0,0,0,0,0,0,0,0,0,0,0,0,0,0,0,0,0,0,0,0,0,0,0,0,0,0,0,0,0,0,0,0,0,0,0,0,0,2023,Sample,459
MOCH-2023-39,0,0,6,0,0,0,0,0,0,0,0,0,0,0,0,0,0,0,0,0,0,0,0,0,0,0,0,0,0,0,0,9,0,0,0,0,0,0,0,17,0,0,0,0,0,0,0,0,0,0,0,0,0,0,0,0,0,0,0,0,0,0,0,0,0,0,0,0,0,0,0,0,0,0,0,0,0,0,0,0,0,0,0,0,0,0,0,0,0,0,0,0,0,0,0,0,0,0,0,0,0,0,0,0,0,0,0,0,0,0,0,0,0,0,0,0,0,0,0,0,0,0,0,0,0,0,0,0,0,0,0,0,0,0,0,0,0,0,0,0,0,0,0,0,0,0,0,0,0,0,0,0,0,0,0,0,0,0,0,0,0,0,0,0,0,0,0,0,0,0,0,0,0,0,0,0,0,0,0,0,0,0,0,0,0,0,0,0,0,2023,Sample,32
MOCH-2023-4,0,0,14,0,0,0,0,0,59,0,0,0,0,22,0,0,0,0,0,0,0,0,0,33,0,0,0,0,0,0,3,2495,111,0,0,0,697,0,0,0,0,0,0,0,0,0,0,0,0,65,0,0,0,0,0,0,0,0,0,0,0,0,0,0,0,21,0,0,0,0,0,0,0,0,0,0,0,0,0,0,0,0,0,0,0,0,0,0,0,0,0,0,0,0,0,0,0,0,0,0,0,0,0,0,0,0,0,0,13,0,0,0,0,0,0,0,0,0,0,0,0,0,0,0,0,0,0,0,0,0,0,0,0,0,0,0,0,0,0,0,0,0,0,0,0,0,0,0,0,0,0,0,101,0,0,0,0,0,0,0,0,0,0,0,0,0,0,0,0,0,0,0,0,0,0,0,0,0,0,0,0,0,0,0,0,261,0,0,0,2023,Sample,3895
MOCH-2023-40,0,0,10,4,0,0,0,0,0,10,0,0,0,0,0,0,0,0,0,0,16,0,0,0,0,0,0,0,0,0,0,0,0,0,0,0,136147,0,0,0,0,0,0,23,0,0,0,0,0,0,0,0,0,0,0,0,0,0,0,0,0,0,0,0,0,0,0,0,0,0,0,0,0,0,0,0,0,0,0,0,0,0,0,0,0,0,0,0,0,0,0,0,0,0,0,0,0,0,0,0,0,0,0,0,0,0,0,0,0,0,0,0,0,0,0,0,0,0,0,0,0,0,0,0,0,0,0,0,0,0,0,0,0,0,0,0,0,0,0,0,0,0,0,0,0,0,0,0,0,0,0,0,0,0,0,0,0,0,0,0,0,0,0,0,0,0,0,0,0,0,0,0,0,0,0,0,0,0,0,0,0,0,0,0,0,0,0,0,0,2023,Sample,136210
MOCH-2023-41,0,0,3414,5,0,0,0,0,0,111,0,0,0,0,0,0,0,0,0,0,0,0,0,0,0,0,0,0,0,0,0,0,0,0,0,0,0,0,0,0,0,0,0,21,0,0,0,0,0,0,0,0,0,0,0,0,3,0,0,0,0,0,0,0,0,0,0,0,0,0,0,0,0,0,0,0,0,9,0,0,0,0,0,0,0,0,0,0,0,0,0,0,0,0,0,0,0,0,0,0,0,0,0,0,0,0,0,0,0,0,0,0,0,0,0,0,0,0,0,0,0,0,0,0,0,0,0,0,0,0,0,0,0,0,4,0,0,0,0,0,0,0,0,0,0,0,0,0,0,0,0,0,0,0,0,0,0,0,0,0,0,0,0,0,0,0,0,0,0,0,0,0,0,0,0,0,0,0,0,0,0,0,0,0,0,0,0,0,0,2023,Sample,3567
MOCH-2023-42,178,0,0,0,0,0,0,0,9,14,0,0,0,0,0,0,17,0,0,0,0,0,0,0,0,0,0,0,0,0,0,0,0,0,0,0,0,0,0,0,0,0,0,183,0,0,0,0,0,245,0,0,0,0,0,0,0,0,0,0,0,0,0,0,0,0,0,0,0,4,0,0,0,0,0,0,0,0,0,0,0,0,0,0,0,0,0,0,0,0,0,0,0,0,0,0,0,0,0,0,0,0,0,0,0,0,0,0,0,0,0,0,0,3,0,0,0,0,0,0,0,0,0,0,0,0,0,0,0,0,0,0,0,0,0,0,0,0,0,0,0,0,0,0,0,0,0,0,0,0,0,0,0,0,0,0,0,0,0,0,0,0,0,0,0,0,0,0,0,0,0,0,0,0,0,0,0,0,0,0,0,0,0,0,0,0,0,0,0,2023,Sample,653
MOCH-2023-44,5,0,9,85,0,0,0,0,36,20,0,0,0,2,0,0,0,0,0,0,0,0,0,0,0,0,0,0,0,63,0,86,0,0,0,0,0,0,0,0,0,0,0,20,7,0,0,0,0,0,0,0,0,0,0,0,0,0,0,0,0,0,0,0,0,0,0,0,0,0,0,0,0,0,0,0,0,0,0,0,0,0,0,0,0,0,0,0,0,0,0,0,0,0,0,0,0,0,0,0,0,0,0,0,0,0,0,0,0,0,0,0,0,0,0,0,0,0,0,0,0,0,0,0,0,0,0,0,0,0,0,0,0,0,0,0,0,0,0,0,0,0,0,0,0,0,0,0,0,0,0,10,0,0,0,0,0,0,0,0,0,0,0,0,0,0,0,0,0,0,0,0,0,0,0,0,0,0,0,0,0,0,0,0,0,0,0,0,0,2023,Sample,343
MOCH-2023-45,6,0,330,2507,0,0,0,0,23,1301,0,0,0,49,0,0,1000,131,0,0,0,0,0,0,0,0,0,0,0,146,42,0,0,0,0,0,0,0,0,0,0,0,0,0,12,0,0,0,2,448,0,0,0,458,0,0,0,0,0,0,0,0,0,0,0,0,0,0,15,0,0,0,0,0,0,0,7,0,0,0,0,0,3,0,8,0,0,0,0,0,0,0,0,0,21,0,0,0,0,0,3,0,0,0,0,0,0,0,0,0,0,0,0,0,2,43,0,0,0,0,0,0,0,0,0,0,0,0,0,0,0,0,0,0,0,0,0,0,0,0,0,0,0,0,0,2,0,0,0,0,0,0,0,0,0,0,0,0,0,0,0,0,0,0,33,0,0,0,11,0,0,0,0,0,0,0,0,0,13,0,0,0,0,0,0,0,0,0,0,2023,Sample,6616
MOCH-2023-46,117,0,69877,5439,0,0,0,0,4204,27188,38,0,0,12269,0,0,11871,32716,0,0,0,0,0,0,0,7,96,0,0,31115,10550,271,0,0,0,0,0,0,0,0,0,262,0,57,28,13,0,0,412,45650,0,0,0,111189,5,0,0,0,0,0,0,0,0,0,0,12,0,0,4263,0,0,0,0,0,0,0,2137,14,1816,0,0,0,730,0,750,0,0,0,0,0,0,0,0,0,405,0,0,0,0,0,305,6,0,0,0,0,0,0,0,0,0,0,29,0,634,134,0,0,0,0,0,0,0,0,7,0,0,0,0,0,7,0,0,6,0,0,0,0,0,0,0,0,0,0,0,0,0,0,0,0,0,52,0,0,0,0,0,0,0,0,1672,0,0,0,7511,0,0,0,0,0,0,0,0,0,0,23,0,0,3915,0,0,0,4,0,0,0,0,0,0,2023,Sample,387806
MOCH-2023-47,27,0,0,0,0,0,0,0,0,0,0,0,0,0,0,0,0,0,0,0,0,0,0,0,0,0,0,0,0,0,0,22,0,0,0,0,0,0,0,0,0,0,0,0,0,0,0,0,0,0,0,0,0,0,0,0,0,0,0,0,0,0,0,0,0,0,0,0,0,0,0,0,0,0,0,0,6,0,0,0,0,0,0,0,0,0,0,53,0,0,0,0,0,0,0,0,0,0,0,0,0,0,0,0,0,0,0,0,0,0,0,0,0,0,0,0,0,0,0,0,0,0,0,0,0,0,0,0,0,0,0,0,0,0,0,0,0,0,0,0,0,0,0,0,0,0,0,0,0,0,0,0,0,0,0,0,0,0,0,0,0,0,0,0,0,0,0,0,0,0,0,0,0,0,0,0,0,0,0,0,0,0,0,0,0,0,0,0,0,2023,Sample,108
MOCH-2023-49,128,0,9255,18,0,0,0,0,774,3987,18,0,0,61,0,0,0,0,0,0,0,0,0,0,0,0,25,0,0,1055,248,0,0,0,0,0,0,1331,0,2055,0,0,0,3,5,0,0,0,0,31553,0,0,0,11247,0,0,0,0,0,0,0,0,0,0,0,5,0,0,0,0,0,0,0,0,0,0,0,9,0,225,0,0,77,0,0,0,0,0,0,0,0,0,0,0,156,0,0,0,0,0,0,0,0,0,0,0,0,0,0,0,0,0,18,0,0,0,0,0,0,0,0,0,0,0,0,0,0,0,0,0,0,0,0,0,0,0,0,0,0,0,0,0,0,0,0,0,0,0,0,0,0,0,0,0,0,0,0,0,0,0,0,0,0,0,0,0,0,0,0,0,0,0,0,0,0,4,0,0,0,0,0,0,0,0,0,0,0,0,0,2023,Sample,62257
MOCH-2023-5,0,0,0,125,0,0,0,0,0,19,0,0,0,0,12,0,0,0,0,0,0,0,0,0,0,0,0,4,0,0,0,137,64,0,190,0,0,82,0,0,0,0,0,0,0,0,0,0,0,0,0,0,0,0,0,0,75,0,0,0,0,0,0,0,0,0,0,0,0,0,0,0,0,0,0,0,0,0,0,0,0,0,0,0,0,0,0,0,0,0,0,0,0,0,0,0,0,0,0,0,0,0,0,0,176,0,0,0,0,0,0,0,0,0,0,0,0,0,0,0,0,0,0,0,0,0,0,0,0,0,0,0,0,0,0,0,0,0,0,0,0,0,0,0,0,0,0,0,0,0,0,0,12,0,0,0,0,0,0,0,0,0,0,0,0,0,0,0,0,0,0,0,0,0,0,0,0,0,0,0,0,0,0,0,0,0,0,0,0,2023,Sample,896
MOCH-2023-50,671,0,31,170871,0,0,0,939,2619,923,8,1347,0,2658,0,0,71761,0,1027,0,0,0,0,0,31,0,21,132,0,561,9602,0,0,0,0,0,0,28,0,0,0,0,0,5,203,13,0,0,0,207,0,0,0,23,152,0,129,0,5,0,0,0,0,0,0,6,0,1771,0,0,0,0,0,0,0,0,0,0,0,99,0,72,184,0,122,0,0,0,626,0,0,0,0,146,74,0,0,0,0,0,412,0,0,0,0,0,0,0,0,0,0,170,0,0,0,0,1275,0,0,0,0,0,0,0,0,0,0,0,0,0,0,0,0,0,0,0,0,0,0,0,0,0,0,0,0,0,0,6,0,0,0,4,0,0,0,0,0,0,0,0,0,0,0,0,0,0,0,0,171,0,0,0,0,0,0,0,0,0,0,0,0,0,0,0,0,0,0,0,0,2023,Sample,269105
MOCH-2023-51,48,0,20,19,0,38,0,0,91,1588,4632,0,66,5,0,0,7,0,0,0,0,0,0,0,0,0,16297,0,0,4,0,0,0,0,0,0,0,0,0,0,0,497,0,56,85,0,0,0,0,312,0,0,0,11,0,0,0,0,0,0,0,0,0,0,0,134,0,0,0,0,0,0,0,0,0,0,0,8,0,32,0,0,15,0,0,0,0,0,0,0,0,0,0,0,72,0,18,0,0,0,0,73,0,0,0,0,0,0,0,0,0,0,0,0,0,0,0,0,0,0,0,0,0,0,0,0,0,0,0,0,0,0,0,319,0,0,0,0,0,0,0,0,0,0,0,0,0,0,0,0,0,0,0,0,0,0,0,0,35,0,0,0,0,0,0,0,0,0,0,0,0,0,0,0,0,0,0,0,0,0,0,0,0,0,0,0,0,0,0,2023,Sample,24482
MOCH-2023-52,88101,0,3908,65895,0,0,0,118,3650,30381,0,0,0,2555,0,0,339,217,0,0,3,0,0,0,0,3,10,19,0,190,4471,860,0,0,0,0,33,0,0,0,0,0,0,8,4,25269,0,0,3,1061,0,0,0,47967,6,7,1683,0,0,0,0,0,0,0,0,0,0,0,22,0,0,0,0,32,0,0,32,0,15,0,0,0,69,0,7,52,0,0,0,0,0,0,0,0,31600,0,0,0,0,0,10,0,0,18,0,0,0,0,0,0,0,0,0,0,0,9,0,0,0,0,67,0,0,0,94,0,0,0,0,0,0,73,0,0,0,0,0,0,0,0,0,0,0,0,0,0,0,0,0,0,0,368,0,0,0,96,0,0,6,0,12,0,54,0,37,0,0,0,0,0,0,0,0,0,0,0,0,0,11,0,0,0,1968,0,0,0,0,0,0,2023,Sample,311413
MOCH-2023-53,359,0,7,395,0,0,0,24515,0,5459,0,0,0,8034,0,0,1065,0,0,0,0,0,0,0,0,0,0,0,0,0,2580,119534,0,0,0,0,0,0,0,0,0,0,0,935,0,6,0,0,0,0,0,0,0,12,0,0,140,0,0,0,0,0,0,0,0,0,0,0,0,0,0,0,0,0,0,0,2919,0,0,0,0,0,1397,0,0,0,0,0,0,0,0,0,0,0,116,0,0,0,0,0,801,0,0,0,0,0,0,0,0,0,0,0,0,0,0,0,0,0,0,0,0,1047,0,0,13688,0,0,0,0,0,0,0,0,0,0,0,0,0,0,0,0,32,0,0,0,0,0,0,0,0,0,3,0,402,258,0,0,0,0,0,0,0,0,180,0,0,0,0,0,0,0,0,0,0,0,0,0,0,0,0,0,784,0,0,0,0,0,0,0,2023,Sample,184668
MOCH-2023-54,0,0,0,33,0,0,0,0,0,0,0,0,0,0,0,0,10256,0,0,23,0,0,0,0,0,0,0,0,0,0,0,0,0,0,0,0,0,0,0,0,0,0,0,0,0,3,0,0,0,0,0,0,0,0,0,0,0,0,0,0,0,0,0,0,0,0,0,0,0,0,0,0,0,0,0,0,35292,0,0,0,0,0,0,0,0,0,0,0,0,0,0,0,0,0,0,0,0,0,0,0,0,0,0,0,0,0,0,0,0,0,0,0,0,0,0,0,0,0,0,0,0,0,0,0,0,0,0,0,0,0,0,0,0,0,0,0,0,0,0,0,0,0,0,0,0,0,0,0,0,0,0,0,0,0,0,0,0,0,0,0,0,0,0,0,0,0,0,0,0,0,0,0,0,0,0,0,0,0,0,0,0,0,0,0,0,0,0,0,0,2023,Sample,45607
MOCH-2023-55,0,0,0,0,0,0,0,0,0,12,0,0,0,0,0,0,0,0,0,0,131,0,0,0,0,0,0,0,0,22,0,0,0,0,0,0,0,0,0,0,0,0,0,0,0,0,0,0,0,0,0,0,0,0,0,0,0,0,0,0,0,0,0,0,0,0,0,0,0,0,0,0,0,0,0,0,0,0,0,0,0,0,0,0,0,0,0,0,0,0,0,0,0,0,0,0,0,0,0,0,0,0,0,0,0,0,0,0,0,0,0,0,0,0,0,0,0,0,0,0,0,0,0,0,0,0,0,0,0,0,0,0,0,0,0,0,0,0,0,0,0,0,0,0,0,0,0,0,0,0,0,0,0,0,0,0,0,0,0,0,0,0,0,0,0,0,0,0,0,0,0,0,0,0,0,0,0,0,0,0,0,0,0,0,0,0,0,0,0,2023,Sample,165
MOCH-2023-56,14,0,0,12,0,0,0,0,0,1740,0,0,0,0,0,0,0,0,0,0,0,0,0,12,0,0,0,0,0,0,9,0,0,0,0,0,0,0,0,0,0,0,0,160,0,0,0,0,0,0,0,0,0,342,0,4,12,0,0,0,0,0,0,0,0,235,0,0,0,0,0,0,0,0,0,0,0,0,0,37,0,0,10901,0,0,0,0,0,0,0,0,0,0,0,1209,0,0,0,0,0,0,0,0,0,0,0,0,0,0,0,0,0,1659,0,0,0,0,0,0,0,0,0,0,0,0,0,0,0,0,0,0,0,0,0,0,0,0,0,0,6,0,0,8,0,0,0,0,0,0,0,0,0,0,0,0,0,0,0,0,0,0,0,0,0,0,0,0,0,0,0,0,0,0,0,0,0,0,0,0,0,0,0,0,0,0,0,0,0,0,2023,Sample,16360
MOCH-2023-58,7187,0,164,166323,0,0,3,1093,3400,16397,16,1833,0,4609,0,0,81357,0,1398,0,0,0,0,0,17,0,25,220,0,924,13029,47,0,0,0,0,0,490,0,0,4,0,0,41,302,161,0,0,0,1742,0,0,0,204,261,0,176,0,68,0,0,0,0,0,0,66,0,2429,0,3,0,0,0,0,0,0,0,0,0,1975,0,91,175,0,183,0,0,0,808,0,0,0,0,223,311,0,0,0,0,0,580,0,0,0,0,0,0,0,0,0,0,2757,3,0,0,0,1661,0,0,0,0,0,0,0,0,0,0,0,0,0,0,0,0,0,0,0,0,0,0,0,0,0,0,0,0,0,0,26,0,0,0,5,0,0,0,0,0,0,0,0,0,0,0,0,0,0,0,0,200,0,0,0,0,0,0,0,0,0,0,0,0,0,0,7,0,0,0,0,0,2023,Sample,312994
MOCH-2023-59,2434,0,0,41984,0,0,809,0,0,10616,0,0,0,608,0,0,3823,0,0,0,0,0,0,0,0,0,0,0,0,0,24,0,0,0,0,0,0,0,0,0,0,0,0,713,5,5,0,0,0,454,0,0,0,96,0,0,0,0,0,0,0,0,0,0,8,0,0,0,0,0,0,0,0,0,0,0,0,0,0,0,0,356,874,0,0,0,0,0,0,0,0,0,0,0,693,0,0,0,0,0,0,0,0,0,0,0,0,0,0,0,0,0,0,0,71,0,0,0,0,0,0,0,0,0,0,0,0,0,0,0,0,0,0,0,0,0,0,0,0,90,0,0,0,0,0,0,0,0,0,0,0,11,0,0,0,0,0,0,0,0,0,0,0,0,0,0,0,0,0,14,0,0,0,0,0,0,0,0,0,0,0,0,0,0,0,0,0,0,0,2023,Sample,63688
MOCH-2023-6,0,0,0,0,0,0,0,0,0,1246,503,0,0,0,0,0,164,0,0,0,0,0,0,0,0,0,0,0,0,0,0,4984,0,0,0,0,0,0,0,11578,0,0,0,0,0,0,0,0,0,52859,0,0,0,0,0,0,0,0,0,0,0,15476,0,0,0,0,0,0,0,0,0,0,0,0,0,0,0,0,0,0,0,0,0,0,0,0,0,0,0,0,0,0,0,0,0,0,0,0,0,0,0,0,0,0,578,0,0,0,0,0,0,0,0,0,0,0,0,0,0,0,0,0,0,0,0,0,0,0,0,0,0,0,0,0,0,0,0,0,0,0,0,0,0,0,0,0,0,0,40,0,0,0,0,0,0,0,0,0,0,0,0,0,0,0,0,0,0,0,144,0,0,0,0,0,0,0,0,0,0,0,0,0,0,0,0,0,0,0,0,2023,Sample,87572
MOCH-2023-60,2722,0,0,17,0,0,0,0,0,34,0,0,0,0,0,0,0,0,0,0,0,0,0,0,0,0,0,0,0,0,0,0,0,0,0,0,18,0,0,0,0,0,0,0,0,17,0,0,0,0,0,0,0,0,0,0,0,0,0,0,0,0,0,0,0,0,0,0,0,0,0,0,0,0,0,0,0,0,0,0,0,0,0,0,0,0,0,0,0,0,0,0,0,0,0,0,0,0,0,0,0,0,0,0,0,0,0,0,0,0,0,0,0,0,0,0,0,0,0,0,0,0,0,0,0,0,0,0,0,0,0,0,0,0,0,0,0,0,0,0,0,0,0,0,0,0,0,0,0,0,0,0,0,0,0,0,0,0,0,0,0,0,0,0,0,0,0,0,0,0,0,0,0,0,0,0,0,0,0,0,0,0,0,0,0,0,0,0,0,2023,Sample,2808
MOCH-2023-61,239,0,0,88,0,0,0,0,0,59,0,0,0,3,0,0,12,0,0,0,0,0,0,0,0,0,0,9,0,0,0,0,0,0,0,0,0,0,0,0,0,0,0,0,0,36,0,0,0,0,0,0,0,263,0,0,0,0,0,0,0,0,0,0,0,0,0,0,0,0,0,0,0,0,0,0,0,0,0,0,0,0,0,0,0,14,0,0,0,0,0,0,0,0,9432,0,0,0,0,0,0,0,0,0,0,0,0,0,0,0,0,0,0,0,0,0,0,0,0,0,0,0,0,0,0,0,0,0,0,0,0,0,0,0,0,0,0,0,0,0,0,0,0,0,0,0,0,0,0,0,0,97,0,0,0,0,0,0,0,0,0,0,0,0,0,0,0,0,0,0,0,0,0,0,0,0,0,0,0,0,0,0,0,0,0,0,0,0,0,2023,Sample,10252
MOCH-2023-63,0,0,20,0,398,0,357,40094,1528,0,0,0,0,11,0,0,565,0,51,0,0,0,0,0,0,0,0,0,0,0,0,18721,0,0,0,0,0,35,0,0,73,0,0,0,0,648,64,0,0,0,0,0,0,0,401,0,0,0,0,34,0,0,0,0,0,0,0,83,0,0,0,0,6,4,0,0,0,0,0,0,0,0,0,0,60,0,0,0,0,0,0,0,0,30,461,0,0,0,0,0,0,0,0,0,0,0,0,0,0,0,0,0,0,0,0,0,0,0,0,5879,0,0,0,9,0,0,0,0,0,0,0,0,0,0,0,0,0,0,0,0,0,0,0,0,0,0,0,0,0,0,0,0,0,0,0,0,0,0,18,0,0,0,0,0,0,0,0,0,0,0,0,0,0,0,66,0,0,0,0,0,0,9227,0,0,0,0,0,0,0,2023,Sample,78843
MOCH-2023-64,0,0,0,0,0,0,0,0,0,2,0,0,0,0,0,0,0,0,0,0,0,0,0,0,0,0,0,0,0,0,0,0,0,0,0,0,0,0,0,0,0,0,0,0,0,2,0,0,0,0,0,0,0,0,0,0,0,0,0,0,0,0,0,0,0,0,0,0,0,0,0,0,0,0,0,0,0,0,0,0,0,0,0,0,0,0,0,0,0,0,0,0,0,0,0,0,0,0,0,0,0,0,0,0,0,0,0,0,0,0,0,0,0,0,0,0,0,0,0,0,0,0,0,0,0,0,0,0,0,0,0,0,0,0,0,0,0,0,0,0,0,0,0,0,0,0,0,0,0,0,0,0,0,0,0,0,0,0,0,0,0,0,0,0,0,0,0,0,0,0,0,0,0,0,0,0,0,0,0,0,0,0,0,0,0,0,0,0,0,2023,Sample,4
MOCH-2023-65,0,0,0,0,0,0,0,955,8,0,0,14,0,2,0,0,234,0,0,0,0,0,0,0,0,0,0,0,0,0,8,0,0,0,0,0,0,0,0,0,0,0,0,0,0,0,0,0,0,0,0,0,0,8,10,0,0,0,0,0,0,0,0,0,0,0,0,12,0,0,0,0,0,0,0,0,0,0,0,0,0,78,0,0,0,0,0,0,0,0,0,0,0,0,0,0,0,0,0,0,0,0,0,0,0,0,0,0,12,0,0,0,0,0,0,0,0,0,0,0,0,0,0,0,0,0,0,0,0,0,0,0,0,0,0,0,0,0,0,0,5,0,0,0,0,0,0,0,0,0,0,0,0,0,0,0,0,0,0,0,0,0,0,0,0,0,0,0,0,0,0,0,0,0,0,0,0,0,0,0,0,0,0,0,0,0,0,0,0,2023,Sample,1346
MOCH-2023-66,0,0,0,0,0,0,0,5347,0,0,0,0,0,0,0,0,278,0,264,0,0,0,0,0,0,0,0,0,0,0,0,219,0,0,0,0,0,0,0,0,0,0,0,0,0,0,0,0,0,0,0,0,0,0,0,0,0,0,0,0,0,0,0,0,0,0,0,0,0,0,0,0,0,0,0,0,0,0,0,0,0,0,0,0,0,0,0,0,0,0,0,0,0,0,2,0,0,0,0,0,0,0,0,0,0,0,0,0,0,0,0,0,0,0,0,0,0,0,0,0,0,0,0,0,0,0,0,0,0,0,0,0,0,0,0,0,0,0,0,0,0,0,0,0,0,0,0,0,0,0,0,0,0,0,0,0,0,0,0,0,0,0,0,0,0,0,0,0,0,0,0,0,0,0,0,0,0,0,0,0,0,0,0,0,0,0,0,0,0,2023,Sample,6110
MOCH-2023-67,29,0,9,58,0,0,0,0,41,17,0,0,0,0,0,0,0,0,0,0,14,0,0,0,0,0,0,0,0,20,0,19,0,0,0,0,24,0,0,0,0,0,0,0,504,125,0,0,0,146,0,0,0,3,0,0,0,0,0,0,0,0,0,0,0,0,0,0,0,0,0,0,0,0,0,0,0,0,0,0,0,0,0,0,0,0,0,0,0,0,0,0,0,0,0,0,0,0,0,0,0,0,0,0,0,0,0,0,0,0,0,0,0,0,0,176,0,0,0,0,0,0,0,0,0,0,0,0,0,0,0,0,0,0,0,0,0,0,0,0,0,0,0,0,0,0,0,0,0,0,0,107,0,0,0,0,0,0,0,0,0,0,0,0,0,0,0,0,0,0,0,0,0,0,0,278,15,0,0,0,0,0,0,0,0,0,0,0,0,2023,Sample,1585
MOCH-2023-68,0,0,0,0,0,0,0,254,0,0,0,0,0,121,0,0,302,0,0,0,0,0,0,12,5,0,0,0,0,188,90,146,0,0,0,0,11,0,0,0,0,0,0,0,0,0,0,0,0,0,0,0,0,0,642,0,0,0,0,0,0,0,0,0,0,0,0,23,0,0,0,0,0,0,0,0,0,3826,0,0,0,0,4,0,0,0,0,0,0,0,0,0,0,0,0,0,0,0,0,0,0,0,0,0,0,0,0,0,0,0,78,0,0,0,0,0,0,15,12,0,0,0,0,0,0,0,0,0,0,0,0,0,0,0,0,0,0,3,0,0,0,0,0,0,0,0,0,0,0,0,0,0,0,0,0,0,0,0,0,0,0,0,0,0,0,0,0,0,0,0,0,0,0,0,0,0,0,0,0,0,0,0,0,0,0,0,0,13,0,2023,Sample,5745
MOCH-2023-69,0,0,0,0,0,0,0,97,0,0,0,0,0,0,0,0,0,0,0,0,0,0,0,0,0,0,0,0,0,0,0,0,0,0,0,0,0,0,0,0,0,0,0,0,0,0,0,0,0,0,0,0,0,0,0,0,0,0,0,0,0,0,0,0,0,0,0,0,0,0,0,0,56,0,0,0,0,0,0,0,0,0,0,0,0,0,0,0,0,0,0,0,0,0,0,0,0,0,0,0,0,0,0,0,0,0,0,0,0,0,0,0,0,0,0,0,0,0,0,0,0,0,0,0,0,0,0,0,0,0,0,0,0,0,0,0,0,0,0,0,0,0,0,0,0,0,0,0,0,0,0,0,0,0,0,0,0,0,0,0,0,0,0,0,0,0,0,0,0,0,0,0,0,0,0,0,0,0,0,0,0,0,0,0,0,0,0,0,0,2023,Sample,153
MOCH-2023-7,0,0,6417,527,0,0,0,74886,64,0,0,0,0,0,0,0,0,0,0,0,0,0,0,0,0,0,0,0,0,0,0,0,0,0,0,0,0,0,0,0,0,0,0,0,0,0,0,0,0,0,0,0,0,46,0,0,0,0,0,0,0,0,0,0,0,0,0,0,0,0,0,0,0,0,0,0,0,0,0,0,0,0,0,0,0,0,0,0,0,0,0,0,0,0,661,0,0,0,0,0,965,0,0,0,0,0,0,0,22,0,0,0,0,0,0,0,0,0,0,0,0,0,0,0,0,0,0,0,0,0,0,0,172,0,0,0,0,0,0,0,0,0,348,0,632,0,0,0,0,0,0,0,0,0,0,0,0,0,0,0,0,0,0,37,0,0,0,0,0,0,0,0,0,0,0,0,0,0,0,0,0,0,0,0,0,0,0,0,0,2023,Sample,84777
MOCH-2023-70,0,0,0,0,0,0,0,0,0,0,0,0,0,11,0,0,0,0,0,0,0,0,0,0,0,0,0,0,0,0,0,39,0,0,0,0,0,0,0,0,0,0,0,0,0,0,0,0,0,0,0,0,0,0,0,0,0,0,0,0,0,0,0,0,0,0,0,0,0,0,0,0,0,0,0,0,0,0,0,0,0,117,0,0,0,0,0,0,0,0,0,0,0,0,0,0,0,0,0,0,0,0,0,0,0,0,0,0,0,0,0,0,0,0,0,0,0,0,0,0,0,396,0,0,0,0,0,0,0,0,0,0,0,0,0,0,0,0,0,0,0,0,0,0,0,0,0,0,0,0,0,0,0,0,0,0,0,0,0,0,0,0,0,0,0,0,0,0,0,0,0,0,0,0,0,0,0,0,0,0,0,0,0,0,0,0,0,0,0,2023,Sample,563
MOCH-2023-74,0,0,0,0,0,0,0,0,0,0,0,0,0,0,0,0,0,0,0,0,0,0,0,0,0,0,0,0,0,0,0,101,0,0,0,0,0,0,0,0,0,0,0,0,0,0,0,0,0,0,0,0,0,0,0,0,0,0,0,0,0,0,0,0,0,0,0,0,0,0,0,0,0,0,0,0,0,0,0,0,0,0,0,0,0,0,0,0,0,0,0,0,0,0,0,0,0,0,0,0,0,0,0,0,0,0,0,0,0,0,0,0,0,0,0,0,0,0,0,0,0,0,0,0,0,0,0,0,0,0,0,0,0,0,0,0,0,0,0,0,0,0,0,0,0,0,0,0,0,0,0,0,0,0,0,0,0,0,0,0,0,0,0,0,0,0,0,0,0,0,0,0,0,0,0,0,0,0,0,0,0,0,0,0,0,0,0,0,0,2023,Sample,101
MOCH-2023-75,0,0,0,0,0,0,0,43,0,0,0,0,0,0,0,0,8,0,0,0,0,0,0,0,0,0,0,0,0,0,0,0,0,0,0,0,0,0,0,0,0,0,0,0,0,0,0,0,0,0,0,0,0,0,0,0,0,0,0,0,0,0,0,0,0,0,0,0,0,0,0,0,19,0,0,0,0,0,0,0,0,0,0,0,0,0,0,0,0,0,0,0,0,0,0,9,0,0,0,0,0,0,0,0,0,0,0,0,0,0,0,0,0,0,0,0,0,0,0,0,0,0,0,0,0,0,0,0,0,0,0,0,0,0,0,0,0,0,0,0,0,0,0,0,0,0,0,0,0,0,0,0,0,0,0,0,0,0,0,0,0,0,0,0,0,0,0,0,0,0,0,0,0,0,0,0,0,0,0,0,0,0,0,0,0,0,0,0,0,2023,Sample,79
MOCH-2023-76,0,0,24,0,0,0,0,91940,0,0,0,0,0,0,0,0,13230,0,0,0,0,0,0,11,0,0,0,0,0,0,17,157,0,0,0,0,0,307,0,280,0,0,0,0,0,0,58,0,18,0,0,0,0,0,22,0,0,0,0,0,0,0,0,0,0,0,0,0,0,0,0,0,3974,0,0,0,0,0,0,0,0,0,0,0,2208,0,0,0,0,0,0,0,0,0,0,0,0,0,0,0,0,0,0,0,0,75,0,0,49,0,65,0,0,0,0,0,0,0,0,58,0,0,0,70,0,0,0,0,0,0,0,0,0,0,0,0,0,0,0,0,0,0,0,0,0,0,0,0,0,0,0,0,0,0,0,0,0,0,0,0,0,0,0,0,0,0,0,0,0,0,0,0,0,0,0,0,0,0,0,0,0,0,0,0,0,0,0,0,0,2023,Sample,112563
MOCH-2023-77,50,0,2296,577,0,0,161,6,11,0,0,0,0,0,0,0,14,0,78,0,0,0,0,0,0,0,0,18,0,0,0,0,0,0,0,0,0,0,0,0,0,0,15,0,327,0,0,0,0,0,0,0,0,3,0,0,0,0,0,0,0,0,0,0,0,0,0,0,0,0,0,0,0,0,0,0,0,0,0,0,0,231,0,0,0,0,0,0,0,0,0,0,0,0,8588,0,0,0,0,0,0,0,0,0,0,0,0,0,0,0,0,0,0,0,0,0,0,0,0,0,0,0,0,0,0,0,0,0,0,0,0,0,0,0,0,0,0,0,0,0,0,0,0,0,0,0,0,0,0,0,0,0,0,0,0,0,0,0,0,0,0,0,0,0,0,0,0,0,0,0,0,0,0,0,0,0,0,0,0,0,0,0,0,0,0,0,0,0,0,2023,Sample,12375
MOCH-2023-78,191,0,0,0,0,0,0,0,0,0,0,0,0,0,0,0,0,0,0,0,0,0,0,0,0,0,0,0,0,0,0,2854,0,0,0,0,0,0,0,0,0,0,0,0,0,0,0,0,0,0,0,0,0,0,0,0,0,0,0,0,0,0,0,0,0,0,0,0,0,0,0,0,0,0,0,0,0,0,0,0,0,0,0,0,0,0,0,0,0,0,0,0,0,0,0,0,0,0,0,0,0,0,0,0,0,0,0,0,0,0,0,0,0,0,0,0,0,0,0,0,0,0,0,0,0,0,0,0,0,0,0,0,0,0,0,0,0,0,0,0,0,0,0,0,0,0,0,0,0,0,0,0,0,0,0,0,0,0,0,0,0,0,0,0,0,0,0,0,0,0,0,0,0,0,0,0,0,0,0,0,0,0,0,0,0,0,0,0,0,2023,Sample,3045
MOCH-2023-79,0,0,0,13,0,0,0,2297,0,0,0,0,0,0,0,0,38,0,22,0,0,0,0,0,4,0,0,0,0,0,0,674,0,0,0,0,0,0,0,0,0,0,0,0,0,1611,78,0,0,0,0,0,0,0,0,0,0,0,0,0,0,0,0,0,0,0,0,0,0,0,0,0,0,0,0,0,0,0,0,0,0,0,4,0,0,0,0,0,0,0,0,0,0,0,0,72,0,0,0,0,17,0,0,0,0,0,0,0,0,0,0,0,0,0,0,0,0,0,0,0,0,0,0,0,0,0,0,0,0,0,0,0,0,0,0,0,0,0,0,0,0,0,0,0,0,0,0,0,0,0,0,0,0,0,0,0,0,260,0,0,0,0,0,0,0,0,0,0,0,0,0,0,0,0,0,0,0,0,0,0,0,0,0,0,0,0,0,0,0,2023,Sample,5090
MOCH-2023-8,0,0,397,0,0,0,0,0,0,0,0,0,0,0,0,0,0,0,0,0,0,0,0,0,0,0,0,0,0,0,0,0,0,0,0,0,0,0,0,0,0,0,0,0,0,0,0,0,0,0,0,0,0,80,0,0,0,0,0,0,0,0,0,0,0,0,0,0,0,0,0,0,0,0,0,0,0,0,0,0,0,0,0,0,0,0,0,0,0,0,0,0,0,0,0,0,0,0,0,0,0,0,0,0,0,0,0,0,0,0,0,0,0,0,0,0,0,0,0,0,0,0,0,0,0,0,0,0,0,0,0,0,0,0,0,0,0,0,0,0,0,0,0,0,0,0,0,0,0,0,0,0,0,0,0,0,0,0,0,0,0,0,0,0,0,0,0,0,0,0,0,0,0,0,0,0,0,0,0,0,0,0,0,0,0,0,0,0,0,2023,Sample,477
MOCH-2023-80,0,0,42,0,0,0,0,2534,0,0,0,0,0,0,0,0,172,0,0,0,0,0,0,0,13,0,0,0,0,0,0,0,0,0,0,0,442,0,0,0,0,0,0,0,34,0,0,0,0,0,0,0,0,0,16,0,0,0,0,0,0,0,0,50,0,0,0,0,0,0,0,0,1098,0,0,0,0,0,0,0,0,0,0,0,0,0,0,0,0,0,0,0,0,0,0,0,0,0,0,0,0,0,0,0,0,0,0,0,0,0,0,0,0,0,0,0,0,0,0,0,0,943,11,0,0,0,0,0,0,0,0,0,0,0,0,0,0,0,0,0,0,0,0,0,0,0,0,0,0,0,0,0,0,0,0,0,0,21,0,0,0,0,0,0,0,0,0,0,0,0,0,0,0,0,0,0,0,0,0,0,0,0,0,0,0,0,0,0,0,2023,Sample,5376
MOCH-2023-81,0,0,176,3233,0,0,0,5991,100,0,0,0,0,28,0,0,499,0,0,0,0,0,0,0,13,3,0,4,0,124,0,2652,0,0,6,0,0,0,0,0,0,0,0,0,0,0,0,0,0,0,0,0,0,0,78,0,0,0,0,0,4,0,0,0,0,6,0,157,0,0,0,0,162,0,0,0,0,0,0,0,0,11,0,0,0,0,0,0,0,0,0,0,17,0,0,0,0,0,0,0,7,0,0,0,0,0,0,0,0,4,0,0,0,0,0,0,0,0,0,186,0,124,0,0,0,0,0,0,0,0,0,0,0,0,0,0,0,0,0,0,0,0,0,0,0,0,0,0,0,0,0,0,0,0,0,0,0,0,0,0,0,0,0,0,0,0,0,0,0,0,0,0,0,0,0,0,0,0,0,0,0,0,0,0,0,0,0,0,0,2023,Sample,13585
MOCH-2023-82,0,0,0,0,0,0,0,160,0,0,0,0,0,70,0,10,0,0,34,0,0,0,0,212,0,0,0,0,0,0,16,76,0,0,0,0,0,0,0,0,0,0,0,0,0,3,0,0,0,0,0,0,0,0,5,0,0,0,0,0,0,0,0,0,0,0,0,0,0,0,0,0,0,0,0,0,0,0,0,0,0,0,0,0,0,0,0,0,0,0,0,0,0,0,0,0,0,0,0,0,0,12,0,0,0,0,0,0,0,0,0,0,0,0,0,0,0,0,0,531,0,0,0,7,0,0,0,0,0,0,0,0,0,0,0,0,0,0,0,0,0,0,0,0,0,0,0,0,0,0,0,0,0,0,0,0,0,0,0,0,0,0,0,0,0,0,0,0,0,0,0,0,0,0,0,0,0,0,0,0,0,0,0,0,0,0,0,0,0,2023,Sample,1136
MOCH-2023-83,0,0,0,1155,0,0,0,378,0,0,0,0,0,0,0,0,106,0,0,0,0,0,0,0,0,0,0,0,0,0,73,34,0,0,0,0,0,0,0,0,0,0,0,0,0,43,0,0,0,0,0,0,0,33,0,0,0,0,0,0,0,0,0,0,0,0,0,0,0,0,0,0,0,0,0,0,0,0,0,0,0,0,2,0,0,0,0,0,0,0,0,0,0,0,4,0,0,0,0,0,0,0,0,0,0,0,0,0,0,0,0,0,0,0,0,0,0,0,0,0,0,0,0,0,0,0,0,0,0,0,0,0,0,0,0,0,0,0,0,0,0,0,24,0,0,0,0,0,0,0,0,0,0,0,0,0,0,0,0,0,0,0,0,0,0,0,0,0,0,0,0,0,0,7,0,0,0,0,0,0,0,0,0,0,0,0,0,0,0,2023,Sample,1859
MOCH-2023-84,0,0,0,10389,0,0,0,225166,31601,0,0,0,0,0,0,0,7524,0,35,0,0,0,0,0,0,0,0,0,0,3042,0,3115,0,0,0,0,10131,13155,0,0,0,0,0,0,16,0,358,0,0,46742,121,0,0,1960,2148,0,50,0,0,0,0,0,0,0,0,0,0,0,0,0,0,0,0,0,0,0,0,0,0,0,0,0,5,0,127,0,0,0,0,0,0,0,0,0,180,60,0,0,0,0,0,0,0,0,0,23,0,42,0,0,0,0,0,0,0,0,0,0,0,23062,0,0,0,549,0,0,0,0,0,0,0,0,0,0,0,0,0,0,0,0,0,0,0,0,0,0,0,0,0,0,0,0,0,0,0,0,0,0,0,0,0,0,0,0,0,0,0,0,51,0,0,0,0,0,0,0,0,0,0,0,0,0,0,0,0,0,0,0,0,2023,Sample,379652
MOCH-2023-85,0,0,0,496,0,0,0,878,0,0,0,0,0,54,0,0,1434,0,0,0,0,0,0,0,0,0,0,0,0,0,0,997,0,0,0,0,65,0,0,151,0,0,0,0,0,0,0,0,0,76,0,0,0,105,143,0,58,0,0,0,0,0,0,0,0,0,0,0,0,0,0,0,0,0,0,0,0,0,0,0,0,0,0,0,0,0,0,0,0,0,0,0,0,0,0,0,0,0,0,0,0,0,0,0,0,0,0,0,0,0,0,0,0,0,0,0,0,0,0,0,0,0,0,12,0,2,0,0,0,0,0,0,0,0,0,0,0,0,0,0,0,0,0,0,0,0,0,0,0,0,0,12,0,0,0,0,0,0,0,0,0,0,0,0,0,0,0,0,0,0,0,0,0,0,0,0,0,0,0,0,0,0,0,0,0,0,0,0,0,2023,Sample,4483
MOCH-2023-86,0,0,0,68,0,0,0,40,0,0,0,0,0,0,0,0,0,0,0,0,0,0,0,0,0,0,0,0,0,0,0,51,0,0,0,0,0,0,0,0,0,0,0,0,0,0,0,0,0,0,0,0,0,0,0,0,0,0,0,0,0,0,0,0,0,0,0,6,0,0,0,0,0,0,0,0,0,0,0,0,0,0,0,0,0,0,0,0,0,0,0,0,0,0,316,0,0,0,0,0,0,0,0,0,0,0,0,0,0,0,0,0,0,0,0,0,0,0,0,0,0,0,0,0,0,0,0,0,0,0,0,0,0,0,0,0,0,0,0,0,0,0,0,0,0,0,0,0,0,0,0,0,0,0,0,0,0,0,0,0,0,0,0,0,0,0,0,0,0,0,0,0,0,0,0,0,0,0,0,0,0,0,0,0,0,0,0,0,0,2023,Sample,481
MOCH-2023-87,0,0,17389,161,208,0,0,1248,0,0,0,0,0,0,0,0,299,0,0,0,0,0,0,0,51,0,0,0,0,0,0,0,0,0,0,0,284,0,27,0,0,0,0,0,0,0,0,0,0,0,0,0,0,0,38,0,0,0,0,0,0,0,0,0,0,0,0,1776,0,0,0,0,619,0,0,0,0,0,0,0,0,0,9,0,0,0,0,0,0,0,0,0,0,0,9,0,0,0,0,15,0,0,0,0,0,58,0,0,0,0,0,0,0,0,0,0,0,0,0,0,0,0,0,3,0,0,0,0,0,0,0,0,0,0,0,0,0,0,0,0,0,0,0,62,0,0,0,0,0,0,0,0,0,0,0,0,0,0,0,0,0,0,0,0,0,0,0,0,0,0,0,0,0,0,0,0,0,0,0,0,0,0,0,0,0,0,0,0,0,2023,Sample,22256
MOCH-2023-88,0,0,57,15,0,0,0,298,0,0,0,0,0,0,0,0,0,0,182,0,0,0,0,0,0,0,0,0,0,0,13,964,300,0,0,0,0,0,0,0,0,0,0,0,0,0,0,0,0,0,0,0,0,0,198,0,0,0,0,0,0,0,0,0,0,0,0,0,0,0,0,0,133,0,0,0,0,0,0,0,0,0,0,0,0,0,0,0,0,0,0,0,0,0,0,0,0,0,0,0,0,0,0,0,0,0,0,0,0,0,0,0,0,0,0,0,0,0,0,0,0,0,0,0,0,0,0,0,0,0,0,0,0,0,0,0,0,0,0,0,0,0,0,0,0,0,0,0,0,0,0,0,0,0,0,0,0,0,0,0,0,0,0,0,0,0,0,0,0,0,0,0,0,0,0,0,0,0,0,0,0,0,0,0,0,0,0,0,0,2023,Sample,2160
MOCH-2023-9,0,0,21499,70,0,0,0,0,2653,7,0,0,0,7,0,0,22,0,0,0,0,0,0,0,0,0,0,0,0,425,50,0,0,0,0,0,0,0,0,93,0,0,0,0,0,0,0,0,0,647,0,0,0,0,0,0,108,0,0,0,0,0,0,0,0,0,0,0,0,0,0,0,0,0,0,0,0,0,0,0,0,0,0,0,0,0,0,0,0,0,0,0,0,0,186,0,0,0,0,0,0,0,0,0,0,0,0,0,0,0,0,0,0,0,0,0,0,0,0,0,0,0,0,0,0,0,0,0,0,0,0,0,0,0,0,0,0,0,0,0,0,0,0,0,0,0,0,0,0,0,0,0,0,0,0,0,0,0,0,0,0,0,0,0,0,0,8,0,0,0,0,0,0,0,0,0,0,0,0,0,0,0,0,0,0,0,0,0,0,2023,Sample,25775
MOCH-2023-90,4,0,6,125,0,0,0,141427,94,0,0,0,0,28,0,0,2083,0,0,0,0,0,0,0,0,0,0,0,0,0,6,4766,0,0,3,0,0,1654,0,0,2,0,0,0,0,0,0,0,0,0,0,0,0,19,528,0,0,0,0,0,0,0,0,0,0,5176,0,21,0,0,0,0,0,0,9,0,0,0,0,0,0,0,0,0,9,0,0,0,0,0,0,0,0,0,0,0,0,0,0,0,0,0,0,0,0,0,0,0,0,0,0,0,0,0,0,0,0,0,0,2082,0,4,0,0,0,0,3,0,0,27,0,0,0,0,0,0,34,0,0,0,0,0,0,0,0,0,0,0,0,0,0,0,0,0,0,0,249,122,0,0,116,0,0,0,0,0,0,0,0,0,0,0,0,0,0,0,0,0,0,0,0,0,0,0,0,0,0,0,0,2023,Sample,158597
MOCH-2023-91,0,0,0,2458,0,0,0,0,0,0,0,0,0,36,0,0,16,0,23,0,0,0,0,0,21,0,0,0,0,630,0,0,0,0,0,0,172,0,0,0,0,0,0,0,0,0,0,0,0,6,0,0,0,0,0,0,0,0,0,0,0,0,0,0,0,0,0,0,0,0,0,0,0,0,0,0,0,0,0,0,0,0,0,0,0,0,0,0,0,0,0,0,0,0,0,0,0,0,0,0,0,0,0,0,0,0,0,0,0,0,0,0,0,0,0,0,0,0,0,0,0,0,0,37,0,0,0,0,0,0,0,0,0,0,0,0,0,0,0,0,0,0,0,0,0,0,0,0,0,0,0,0,0,0,0,0,0,0,0,0,0,0,0,0,0,0,0,0,0,0,0,0,0,0,0,0,0,0,0,0,0,0,0,0,0,0,0,0,0,2023,Sample,3399
MOCH-2023-93,0,0,0,89,0,0,0,0,0,0,0,0,0,28,0,0,0,0,0,0,0,0,0,0,0,0,0,0,0,0,0,0,0,0,0,0,0,0,0,0,0,0,0,0,0,0,0,0,0,46,0,0,0,3,0,0,0,0,0,0,0,0,0,0,0,0,0,0,0,0,0,0,0,0,0,0,0,0,0,0,0,0,0,0,0,0,0,0,0,0,0,0,0,0,0,0,0,0,0,0,0,0,0,0,0,0,0,0,0,0,0,0,0,0,0,0,0,0,0,0,0,0,0,0,0,0,0,0,0,0,0,0,0,0,0,0,0,0,0,0,0,0,0,0,0,0,0,0,0,0,0,0,0,0,0,0,0,0,0,0,0,0,0,0,0,0,0,0,0,0,0,0,0,0,0,0,0,0,0,0,0,0,0,0,0,0,0,0,0,2023,Sample,166
MOCH-2023-95,0,0,35,0,0,0,0,43,0,0,0,0,0,0,0,0,0,0,0,0,0,0,0,0,0,0,0,0,0,0,0,0,0,0,0,0,5,0,0,0,0,0,0,0,0,0,0,0,0,0,0,0,0,0,0,0,0,0,0,24,0,0,0,0,0,0,0,5,0,0,0,0,0,0,0,0,0,0,0,0,0,0,0,0,0,0,0,0,0,0,0,0,0,0,0,0,0,0,0,0,0,0,0,0,0,0,0,0,0,0,0,0,0,0,0,433,0,0,0,0,0,0,0,0,0,0,0,0,0,0,0,0,0,0,0,0,0,0,0,0,0,0,0,0,0,0,0,0,0,0,0,0,0,0,0,0,0,0,0,0,0,0,0,0,0,0,0,0,0,0,0,0,0,0,0,0,18,0,0,0,0,0,0,0,0,0,0,0,0,2023,Sample,563
MOCH-2023-96,0,0,0,12485,0,0,0,10153,0,0,0,10,0,21,0,0,630,0,0,0,0,0,0,0,0,0,0,0,0,151,2362,49732,0,0,88,0,0,0,0,0,574,0,0,0,0,0,0,0,0,0,0,0,0,0,188,0,0,0,0,0,0,0,0,0,1931,1901,0,0,0,0,0,0,0,0,0,0,0,0,0,0,0,515,0,0,0,0,0,0,0,0,0,0,0,0,0,0,0,0,0,0,0,0,0,0,0,0,0,0,17,0,0,0,0,0,0,0,0,0,0,0,0,0,0,0,0,0,0,0,0,0,0,0,0,0,0,0,0,0,0,0,0,0,0,0,0,0,0,0,0,0,0,7472,0,0,0,8,0,0,0,0,0,0,0,0,0,0,0,0,0,0,0,0,0,0,0,0,0,0,0,0,0,0,0,0,0,0,0,0,0,2023,Sample,88238
MOCH-2023-98,0,0,0,23196,0,0,0,1556,0,0,0,548,257,52,0,0,139,0,0,0,0,0,0,0,179,0,0,1075,0,390,0,0,0,0,0,0,0,0,0,0,0,0,0,45,0,169,0,0,0,0,0,0,0,0,71,0,0,0,0,0,0,0,0,0,2100,0,0,539,0,0,0,0,0,0,0,0,0,0,0,0,0,0,0,0,0,0,0,0,211,0,0,0,0,0,0,0,0,0,0,0,0,0,0,0,0,0,0,0,0,0,0,0,0,0,0,0,0,0,0,327,0,0,0,98,0,0,0,0,0,0,0,0,0,0,0,0,0,0,0,0,0,0,0,0,0,0,0,0,0,0,0,0,0,0,0,0,0,0,0,0,0,0,0,0,0,0,0,0,0,0,0,0,0,0,0,0,0,0,0,0,0,0,0,0,0,0,0,0,0,2023,Sample,30952
ColSums,106450,4792,331551,527845,734,38,58388,661250,497123,153419,5248,3842,510,35882,12,10,219820,33176,6707,23,164,19,3,282,385,13,16600,2168,3,44040,45922,232467,505,20,714,3,153482,17308,27,542376,656,10818,15,2857,1951,35246,558,481,2196,350821,121,16218,80,179490,5645,14,37667,7237,73,1771,4,15476,27,50,4410,8629,4,19415,4300,7,9,6,11848,36,116,13,40405,3980,1831,2585,72,1471,15214,1300,7405,85,546,56,1662,8,7,131,17,438,60206,166,235,4,10,15,3111,94,87,41,887,1563,290,42,2807,4,143,2927,1744,3,707,801,2952,71,12,32488,368,2694,11,794,13789,2,3,6,127,27,43,73,172,325,2012,27,34,30,650,1019,5,32,526,62,632,2,186,32,40,1019,352,10195,113,402,258,193,269,788,59,112,1823,263,54,362,7581,1814,8,4,641,14,40,72,22,7,154,314,33,139,3939,2,11,10057,1972,7,2,261,2,13,4,,,