index,tax=k__Animalia;p__Arthropoda;c__Insecta;o__Lepidoptera;__;__;__,tax=k__Animalia;p__Arthropoda;c__Insecta;o__Coleoptera;f__Scarabaeidae;g__;s__,tax=k__Animalia;p__Arthropoda;c__Insecta;o__Lepidoptera;f__Tortricidae;g__Choristoneura;__,tax=k__Animalia;p__Arthropoda;c__Insecta;o__Hymenoptera;f__Pamphiliidae;g__Acantholyda;s__,tax=k__Animalia;p__Arthropoda;c__Insecta;o__Diptera;f__Syrphidae;g__Eupeodes;s__Eupeodes lapponicus,tax=k__Animalia;p__Arthropoda;c__Insecta;o__Hemiptera;f__Aphididae;__;__,tax=k__Animalia;p__Arthropoda;c__Insecta;o__Lepidoptera;f__Geometridae;g__Enypia;s__Enypia packardata,tax=k__Animalia;p__Arthropoda;c__Insecta;o__Coleoptera;f__Buprestidae;g__Trachykele;s__Trachykele cf. nimbosahartmanni,tax=k__Animalia;p__Arthropoda;c__Insecta;o__Hymenoptera;f__Ichneumonidae;g__Dusona;s__Dusona vitticollis,tax=k__Animalia;p__Arthropoda;c__Insecta;o__Hemiptera;f__Miridae;g__Phytocoris;s__Phytocoris jucundus,tax=k__Animalia;p__Arthropoda;c__Insecta;o__Lepidoptera;f__Tortricidae;g__Argyrotaenia;s__Argyrotaenia dorsalana,tax=k__Animalia;p__Arthropoda;c__Insecta;o__Diptera;f__Syrphidae;g__Scaeva;s__Scaeva pyrastri,tax=k__Animalia;p__Arthropoda;c__Arachnida;o__Araneae;f__Linyphiidae;g__Pityohyphantes;s__Pityohyphantes cristatus,tax=k__Animalia;p__Arthropoda;c__Arachnida;o__Araneae;f__Philodromidae;g__Apollophanes;s__Apollophanes margareta,tax=k__Animalia;p__Arthropoda;c__Insecta;o__Diptera;f__Chamaemyiidae;g__Leucopis;s__,tax=k__Animalia;p__Arthropoda;c__Insecta;o__Lepidoptera;f__Geometridae;__;__,tax=k__Animalia;p__Arthropoda;c__Insecta;o__Lepidoptera;f__Pyralidae;g__Dioryctria;s__Dioryctria pseudotsugella,tax=k__Animalia;p__Arthropoda;c__Insecta;o__Hymenoptera;f__Pamphiliidae;g__Acantholyda;__,tax=k__Animalia;p__Arthropoda;c__Insecta;o__Coleoptera;f__Cerambycidae;g__Anthophylax;s__Anthophylax viridis,tax=k__Animalia;p__Arthropoda;c__Insecta;o__Blattodea;f__;g__;s__,tax=k__Animalia;p__Arthropoda;c__Insecta;o__Lepidoptera;f__Noctuidae;__;__,tax=k__Animalia;p__Arthropoda;c__Arachnida;o__Araneae;f__Thomisidae;g__Xysticus;__,tax=k__Animalia;p__Arthropoda;c__Insecta;o__Diptera;f__Rhagionidae;g__Rhagio;s__Rhagio gracilis,tax=k__Animalia;p__Arthropoda;c__Insecta;o__Diptera;__;__;__,tax=k__Animalia;p__Arthropoda;c__Arachnida;o__Araneae;f__Anyphaenidae;g__Anyphaena;s__Anyphaena pacifica,tax=k__Animalia;p__Arthropoda;c__Insecta;o__Hymenoptera;f__Ichneumonidae;g__;s__,tax=k__Animalia;p__Arthropoda;c__Insecta;o__Lepidoptera;f__Geometridae;g__Enypia;s__Enypia griseata,tax=k__Animalia;p__Arthropoda;c__Insecta;o__Diptera;f__Phoridae;g__Megaselia;s__Megaselia tecticauda,tax=k__Animalia;p__Arthropoda;c__Insecta;o__Hymenoptera;f__Pamphiliidae;g__Cephalcia;s__,tax=k__Animalia;p__Arthropoda;c__Insecta;o__Hymenoptera;f__Braconidae;g__;s__,tax=k__Animalia;p__Arthropoda;c__Insecta;o__Lepidoptera;f__Geometridae;g__Nepytia;s__Nepytia umbrosaria,tax=k__Animalia;p__Arthropoda;c__Insecta;o__Diptera;f__Tipulidae;__;__,tax=k__Animalia;p__Arthropoda;c__Insecta;o__Hemiptera;f__Miridae;g__Dichrooscytus;s__Dichrooscytus rainieri,tax=k__Animalia;p__Arthropoda;c__Insecta;o__Hymenoptera;f__Ichneumonidae;g__Dirophanes;__,tax=k__Animalia;p__Arthropoda;c__Insecta;o__Diptera;f__Tipulidae;g__Tipula;__,tax=k__Animalia;p__Arthropoda;c__Insecta;o__Lepidoptera;f__Tortricidae;g__Choristoneura;s__Choristoneura fumiferana,tax=k__Animalia;p__Arthropoda;c__Insecta;o__Hymenoptera;f__Ichneumonidae;g__Dusona;__,tax=k__Animalia;p__Arthropoda;c__Insecta;o__Hymenoptera;f__Braconidae;g__Cotesia;s__,tax=k__Animalia;p__Arthropoda;c__Insecta;o__Hemiptera;f__Aphididae;g__;s__,tax=k__Animalia;p__Arthropoda;c__Arachnida;o__Araneae;f__Philodromidae;g__Philodromus;s__Philodromus rufus,tax=k__Animalia;p__Arthropoda;c__Insecta;o__Hymenoptera;f__Formicidae;g__Formica;__,tax=k__Animalia;p__Arthropoda;c__Arachnida;o__;f__;g__;s__,tax=k__Animalia;p__Arthropoda;c__Insecta;o__Diptera;f__Tachinidae;g__Voria;s__,tax=k__Animalia;p__Arthropoda;c__Insecta;o__Coleoptera;f__Curculionidae;g__Pachyrhinus;s__Pachyrhinus californicus,tax=k__Animalia;p__Arthropoda;c__Insecta;o__Lepidoptera;f__Tortricidae;g__Argyrotaenia;__,tax=k__Animalia;p__Arthropoda;c__Insecta;__;__;__;__,tax=k__Animalia;p__Arthropoda;c__Arachnida;__;__;__;__,tax=k__Animalia;p__Arthropoda;c__Insecta;o__Diptera;f__Scathophagidae;g__Scathophaga;s__Scathophaga stercoraria,tax=k__Animalia;p__Arthropoda;c__Arachnida;o__Araneae;__;__;__,tax=k__Animalia;p__Arthropoda;c__Insecta;o__Diptera;f__Tachinidae;g__Voria;__,tax=k__Animalia;p__Arthropoda;c__Insecta;o__Hymenoptera;f__Ichneumonidae;g__Diplazon;__,tax=k__Animalia;p__Arthropoda;c__Insecta;o__Diptera;f__Tephritidae;g__Trupanea;s__,tax=k__Animalia;p__Arthropoda;c__Arachnida;o__Araneae;f__Salticidae;g__Pelegrina;s__Pelegrina aeneola,tax=k__Animalia;p__Arthropoda;c__Insecta;o__Siphonaptera;f__Ceratophyllidae;g__Ceratophyllus;s__,tax=k__Animalia;p__Arthropoda;c__Arachnida;o__Araneae;f__;g__;s__,tax=k__Animalia;p__Arthropoda;c__Insecta;o__Diptera;f__Tipulidae;g__;s__,tax=k__Animalia;p__Arthropoda;c__Insecta;o__Coleoptera;f__Cerambycidae;g__Arhopalus;s__Arhopalus asperatus,tax=k__Animalia;p__Arthropoda;c__Arachnida;o__Araneae;f__Theridiidae;g__Theridion;s__Theridion neomexicanum,tax=k__Animalia;p__Arthropoda;c__Insecta;o__Diptera;f__Syrphidae;g__Heringia;s__,tax=k__Animalia;p__Arthropoda;c__Insecta;o__Diptera;f__Tachinidae;g__Cryptomeigenia;s__,tax=k__Animalia;p__Arthropoda;c__Insecta;o__Hemiptera;f__Aphididae;g__Mindarus;s__Mindarus obliquus,tax=k__Animalia;p__Arthropoda;c__Arachnida;o__Araneae;f__Philodromidae;g__Philodromus;s__Philodromus spectabilis,tax=k__Animalia;p__Arthropoda;c__Insecta;o__Hymenoptera;f__Pamphiliidae;g__Cephalcia;__,tax=k__Animalia;p__Arthropoda;c__Insecta;o__Diptera;f__Cecidomyiidae;g__;s__,tax=k__Animalia;p__Arthropoda;c__Arachnida;o__Mesostigmata;f__Digamasellidae;g__;s__,tax=k__Animalia;p__Arthropoda;c__Insecta;o__Lepidoptera;f__Tortricidae;g__Epinotia;s__Epinotia radicana,tax=k__Animalia;p__Arthropoda;c__Insecta;o__Lepidoptera;f__Lasiocampidae;g__Tolype;__,tax=k__Animalia;p__Arthropoda;c__Insecta;o__Lepidoptera;f__Geometridae;g__Sabulodes;__,tax=k__Animalia;p__Arthropoda;c__Insecta;o__Diptera;f__Syrphidae;g__Eupeodes;s__Eupeodes aberrantis,tax=k__Animalia;p__Arthropoda;c__Insecta;o__Coleoptera;f__Cerambycidae;g__Acmaeops;s__Acmaeops proteus,tax=k__Animalia;p__Arthropoda;c__Insecta;o__Hymenoptera;f__Ichneumonidae;g__Pimpla;s__Pimpla hesperus,tax=k__Animalia;p__Arthropoda;c__Arachnida;o__Araneae;f__Thomisidae;g__Xysticus;s__Xysticus locuples,tax=k__Animalia;p__Arthropoda;c__Insecta;o__Lepidoptera;f__Geometridae;g__Hydriomena;s__Hydriomena irata,tax=k__Animalia;p__Arthropoda;c__Insecta;o__Coleoptera;f__Cerambycidae;g__Acanthocinus;s__Acanthocinus obliquus,tax=k__Animalia;p__Arthropoda;c__Insecta;o__Diptera;f__Muscidae;g__Phaonia;s__Phaonia errans,tax=k__Animalia;p__Arthropoda;c__Insecta;o__Hymenoptera;f__Ichneumonidae;__;__,tax=k__Animalia;p__Arthropoda;c__Arachnida;o__Araneae;f__Theridiidae;g__Theridion;s__Theridion lawrencei,tax=k__Animalia;p__Arthropoda;c__Arachnida;o__Araneae;f__Thomisidae;g__Xysticus;s__,tax=k__Animalia;p__Arthropoda;c__Insecta;o__Hemiptera;f__Miridae;__;__,tax=k__Animalia;p__Arthropoda;c__Insecta;o__Diptera;f__Culicidae;g__Aedes;__,tax=k__Animalia;p__Arthropoda;c__Insecta;o__Diptera;f__Calliphoridae;g__Protocalliphora;s__,tax=k__Animalia;p__Arthropoda;c__Insecta;o__Hymenoptera;f__Pamphiliidae;g__Acantholyda;s__Acantholyda verticalis,tax=k__Animalia;p__Arthropoda;c__Insecta;o__Diptera;f__Tachinidae;g__Madremyia;s__Madremyia saundersii,tax=k__Animalia;p__Arthropoda;c__Insecta;o__Diptera;f__Syrphidae;g__Dasysyrphus;s__Dasysyrphus creper,tax=k__Animalia;p__Arthropoda;c__Insecta;o__Diptera;f__Syrphidae;g__Platycheirus;__,tax=k__Animalia;p__Arthropoda;c__Insecta;o__Lepidoptera;f__Geometridae;g__Melanolophia;__,tax=k__Animalia;p__Arthropoda;c__Malacostraca;o__Isopoda;f__Trachelipodidae;g__Trachelipus;s__Trachelipus rathkii,tax=k__Animalia;p__Arthropoda;c__Arachnida;o__Araneae;f__Theridiidae;g__Theridion;s__Theridion michelbacheri,tax=k__Animalia;p__Arthropoda;c__Insecta;o__Coleoptera;f__Tenebrionidae;g__Isomira;s__Isomira comstocki,tax=k__Animalia;p__Arthropoda;c__Insecta;o__Diptera;f__Pediciidae;g__Tricyphona;s__,tax=k__Animalia;p__Arthropoda;c__Insecta;o__Hymenoptera;f__Braconidae;g__Homolobus;s__Homolobus Janzen12,tax=k__Animalia;p__Arthropoda;c__Insecta;o__Lepidoptera;f__Pyralidae;g__Dioryctria;__,tax=k__Animalia;p__Arthropoda;c__Insecta;o__Diptera;f__Bibionidae;g__Bibio;s__Bibio rufipes,tax=k__Animalia;p__Arthropoda;c__Arachnida;o__Araneae;f__Linyphiidae;g__Pityohyphantes;__,tax=k__Animalia;p__Arthropoda;c__Insecta;o__Lepidoptera;f__Geometridae;g__Melanolophia;s__Melanolophia imitata,tax=k__Animalia;p__Arthropoda;c__Insecta;o__Lepidoptera;f__Blastobasidae;g__Blastobasis;s__Blastobasis glandulella,tax=k__Animalia;p__Arthropoda;c__Insecta;o__Lepidoptera;f__Geometridae;g__Enypia;s__Enypia venata,tax=k__Animalia;p__Arthropoda;c__Insecta;o__Lepidoptera;f__Geometridae;g__Stenoporpia;s__Stenoporpia pulmonaria,tax=k__Animalia;p__Arthropoda;c__Insecta;o__Coleoptera;f__Curculionidae;g__Otiorhynchus;s__Otiorhynchus singularis,tax=k__Animalia;p__Arthropoda;c__Insecta;o__Lepidoptera;f__Gelechiidae;g__Coleotechnites;__,tax=k__Animalia;p__Arthropoda;c__Insecta;o__Hymenoptera;f__Braconidae;g__Ephedrus;s__Ephedrus lacertosus,tax=k__Animalia;p__Arthropoda;c__Insecta;o__Hemiptera;f__Aphididae;g__Pterocomma;s__,tax=k__Animalia;p__Arthropoda;c__Insecta;o__Hymenoptera;f__Diprionidae;g__Neodiprion;s__Neodiprion sp.,tax=k__Animalia;p__Arthropoda;c__Insecta;o__Coleoptera;__;__;__,tax=k__Animalia;p__Arthropoda;c__Insecta;o__Lepidoptera;f__Tortricidae;g__Cydia;s__,tax=k__Animalia;p__Arthropoda;c__Insecta;o__Hymenoptera;f__Braconidae;g__Aleiodes;s__,tax=k__Animalia;p__Arthropoda;c__Insecta;o__Diptera;f__Culicidae;g__Aedes;s__Aedes punctor,tax=k__Animalia;p__Arthropoda;c__Arachnida;o__Mesostigmata;f__Dermanyssidae;g__Dermanyssus;s__Dermanyssus hirundinis,tax=k__Animalia;p__Arthropoda;c__Insecta;o__Lepidoptera;f__Geometridae;g__Caripeta;s__Caripeta aequaliaria,tax=k__Animalia;p__Arthropoda;c__Insecta;o__Coleoptera;f__Buprestidae;g__Buprestis;s__Buprestis laeviventris,tax=k__Animalia;p__Arthropoda;c__Insecta;o__Lepidoptera;f__Tortricidae;g__Epinotia;s__Epinotia emarginana,tax=k__Animalia;p__Arthropoda;c__Insecta;o__Siphonaptera;__;__;__,tax=k__Animalia;p__Arthropoda;c__Insecta;o__Lepidoptera;f__Geometridae;g__Enypia;__,tax=k__Animalia;p__Arthropoda;c__Insecta;o__Lepidoptera;f__Geometridae;g__Tetracis;__,tax=k__Animalia;p__Arthropoda;c__Insecta;o__Hymenoptera;f__Pamphiliidae;g__Acantholyda;s__Acantholyda bucephala,tax=k__Animalia;p__Arthropoda;c__Insecta;o__Coleoptera;f__Cerambycidae;g__Rhagium;s__Rhagium inquisitor,tax=k__Animalia;p__Arthropoda;c__Insecta;o__Lepidoptera;f__Geometridae;g__Gabriola;s__Gabriola dyari,tax=k__Animalia;p__Arthropoda;c__Insecta;o__Diptera;f__Tipulidae;g__Tipula;s__,tax=k__Animalia;p__Arthropoda;c__Insecta;o__Lepidoptera;f__Gelechiidae;g__Chionodes;s__Chionodes periculella,tax=k__Animalia;p__Arthropoda;c__Arachnida;o__Araneae;f__Philodromidae;g__Philodromus;s__Philodromus oneida,tax=k__Animalia;p__Arthropoda;c__Arachnida;o__Araneae;f__Araneidae;g__Araneus;s__Araneus gemmoides,tax=k__Animalia;p__Arthropoda;c__Insecta;o__Lepidoptera;f__Noctuidae;g__Syngrapha;s__Syngrapha interrogationis,tax=k__Animalia;p__Arthropoda;c__Insecta;o__Hemiptera;f__Aphrophoridae;g__Aphrophora;__,tax=k__Animalia;p__Arthropoda;c__Insecta;o__Lepidoptera;f__Tortricidae;__;__,tax=k__Animalia;p__Arthropoda;c__Insecta;o__Lepidoptera;f__Geometridae;g__Macaria;s__Macaria signaria,tax=k__Animalia;p__Arthropoda;c__Insecta;o__Lepidoptera;f__Lasiocampidae;g__Malacosoma;s__Malacosoma californica,tax=k__Animalia;p__Arthropoda;c__Insecta;o__Hemiptera;f__Cicadidae;g__Okanagana;s__Okanagana fratercula,tax=k__Animalia;p__Arthropoda;c__Arachnida;o__Araneae;f__Theridiidae;g__Theridion;s__Theridion murarium,tax=k__Animalia;p__Arthropoda;c__Insecta;o__Hemiptera;f__Aphididae;g__Mindarus;s__,tax=k__Animalia;p__Arthropoda;c__Insecta;o__Hymenoptera;f__Figitidae;g__Melanips;s__,tax=k__Animalia;p__Arthropoda;c__Insecta;o__Coleoptera;f__Cerambycidae;g__Lepturobosca;s__Lepturobosca chrysocoma,tax=k__Animalia;p__Arthropoda;c__Insecta;o__Hymenoptera;f__Ichneumonidae;g__Phytodietus;s__,tax=k__Animalia;p__Arthropoda;c__Arachnida;o__Araneae;f__Linyphiidae;g__Agyneta;s__Agyneta fillmorana,tax=k__Animalia;p__Arthropoda;c__Insecta;o__Diptera;f__Syrphidae;g__Platycheirus;s__Platycheirus obscurus,tax=k__Animalia;p__Arthropoda;c__Insecta;o__Hemiptera;f__Aphididae;g__Mindarus;__,tax=k__Animalia;p__Arthropoda;c__Insecta;o__Diptera;f__Sciaridae;g__;s__,tax=k__Animalia;p__Arthropoda;c__Insecta;o__Diptera;f__Syrphidae;g__Blera;s__Blera scitula,tax=k__Animalia;p__Arthropoda;c__Insecta;o__Lepidoptera;f__Geometridae;g__Sabulodes;s__Sabulodes edwardsata,tax=k__Animalia;p__Arthropoda;c__Insecta;o__Coleoptera;f__Buprestidae;g__;s__,tax=k__Animalia;p__Arthropoda;c__Insecta;o__Thysanoptera;f__Phlaeothripidae;g__Leptothrips;s__,tax=k__Animalia;p__Arthropoda;c__Insecta;o__Lepidoptera;f__Geometridae;g__Epirrita;s__Epirrita autumnata,tax=k__Animalia;p__Arthropoda;c__Insecta;o__Hemiptera;f__Cicadidae;g__Okanagana;__,tax=k__Animalia;p__Arthropoda;c__Insecta;o__Diptera;f__Culicidae;g__Aedes;s__Aedes tahoensis,tax=k__Animalia;p__Arthropoda;c__Insecta;o__Diptera;f__Syrphidae;g__Eupeodes;__,tax=k__Animalia;p__Arthropoda;c__Arachnida;o__Araneae;f__Linyphiidae;g__Pityohyphantes;s__Pityohyphantes tacoma,Plate,Type,Year,Species,Sum
MOCH-2024-10,998,63,2888,3164,304323,0,2478,14,5,0,0,0,10,1173,0,0,954,106,73,0,8,11,30,6,15,50,495,0,0,1989,30,74,0,0,0,304,0,0,0,53,0,0,7,119,271,212,8,0,75,0,36,0,0,10,0,737,4,0,0,0,103,63,0,0,0,23,0,268,0,0,0,209,201,5,25,0,22,16,0,0,7826,0,0,0,0,0,12,608,0,0,0,38,0,0,0,0,75,27,2,0,0,0,0,0,0,0,0,6,0,0,0,0,0,0,0,0,0,0,23,0,0,0,0,0,0,0,0,0,0,0,0,0,0,6,0,0,0,0,0,4,0,0,0,0,0,1,SAMPLE,2024,MOCH,330355
MOCH-2024-11,0,846,1842,0,0,0,0,0,0,0,0,2902,1620,4324,0,0,0,0,0,0,0,0,0,80,0,0,0,0,0,0,428,1574,0,0,379,0,0,0,0,0,0,0,0,0,0,5385,0,0,0,0,0,0,0,0,0,8103,0,0,0,0,0,0,0,0,0,0,0,0,0,0,0,0,0,0,0,0,0,0,0,0,0,0,0,0,0,0,0,0,0,0,0,0,0,382,0,0,0,0,0,0,0,0,0,0,0,0,0,1076,0,0,0,0,0,0,0,0,0,0,0,0,0,0,0,0,0,0,0,0,0,0,0,0,0,0,0,0,0,0,0,0,0,0,0,0,0,1,SAMPLE,2024,MOCH,28941
MOCH-2024-12,0,0,24,0,32,0,0,0,0,0,0,0,0,0,0,0,0,0,0,0,0,0,0,3,0,0,0,0,0,6,0,0,0,0,0,0,0,0,0,0,0,0,0,0,0,0,8,0,0,0,0,0,0,0,0,147,0,0,0,0,0,0,0,0,0,0,0,0,0,0,0,0,0,0,0,0,0,0,0,0,0,0,0,0,0,0,0,0,0,0,0,0,0,0,0,0,0,0,0,0,0,0,0,0,0,0,0,2,0,0,0,0,0,0,0,0,0,0,0,0,0,0,0,0,0,0,0,0,0,0,0,0,0,0,0,0,0,0,0,0,0,0,0,0,0,1,SAMPLE,2024,MOCH,222
MOCH-2024-13,1082,29,5927,1223,6627,0,1898,5,4,0,0,0,8,1006,0,0,549,67,65,0,0,16,43,0,15,0,434,0,0,51,29,463,0,0,0,280,0,0,0,27,0,2,3,126,210,470,6,0,48,0,16,0,0,3,0,1843,7,0,0,0,0,49,0,0,0,26,0,0,0,0,0,176,131,12,30,0,18,0,0,0,1288,0,0,0,0,0,4,12,0,0,0,15,0,0,0,0,56,10,4,0,0,0,0,0,0,0,0,17,0,0,0,0,0,0,0,0,0,0,9,0,0,0,3,0,0,0,0,0,0,0,0,0,0,10,0,0,0,0,0,0,0,0,0,0,0,1,SAMPLE,2024,MOCH,24452
MOCH-2024-14,327,0,11606,0,0,0,0,0,0,0,0,0,0,0,0,0,0,0,0,50,0,0,0,0,0,0,0,0,0,0,0,0,0,0,0,0,0,0,0,0,0,0,0,0,0,2829,0,0,0,0,0,0,0,0,0,0,0,0,0,0,213,0,0,0,0,0,0,12680,0,0,0,0,0,0,0,0,0,0,0,0,269,0,0,0,0,0,0,0,0,0,0,0,0,0,0,0,0,0,0,0,0,0,0,0,0,0,0,0,0,0,0,0,0,0,0,0,0,0,0,0,0,0,0,0,0,0,0,0,0,0,0,0,0,0,0,0,0,0,0,0,0,0,0,0,0,1,SAMPLE,2024,MOCH,27974
MOCH-2024-15,75,0,245,1075,1463,0,1518,0,0,0,0,0,0,0,0,0,0,0,0,537,0,0,0,0,0,0,0,0,0,0,0,0,0,0,0,0,0,0,0,927,0,0,0,0,0,2900,0,0,0,0,0,0,0,0,0,0,0,0,0,0,0,0,0,0,0,0,0,0,0,0,0,230,0,0,0,0,0,0,0,0,127,0,0,0,0,0,0,0,0,0,0,0,0,0,0,0,0,0,0,0,0,0,0,0,0,0,0,0,0,0,0,0,0,0,0,0,0,0,0,0,0,0,0,0,0,0,0,0,0,0,0,0,0,0,0,0,0,0,29,0,0,0,0,0,0,1,SAMPLE,2024,MOCH,9126
MOCH-2024-215C,6591,0,0,0,341,0,0,0,0,0,0,0,89,0,0,5845,0,0,0,0,0,0,0,0,0,0,0,0,0,0,0,0,0,0,0,0,0,0,0,0,0,0,0,0,0,3629,0,0,0,0,0,0,0,0,0,1287,0,0,0,0,3,0,0,0,0,0,0,142,0,0,0,6,0,0,0,0,0,0,0,0,0,0,0,0,0,0,0,0,0,0,0,0,0,0,0,0,0,0,0,0,0,0,0,0,0,0,0,0,0,0,0,0,0,0,0,0,0,0,0,0,0,0,0,0,0,966,0,0,0,0,0,0,0,0,0,0,0,0,0,0,0,0,0,0,0,1,SAMPLE,2024,MOCH,18899
MOCH-2024-223C,19,0,48,59,112,0,109,0,0,0,0,0,0,15,0,0,12,0,3,0,0,0,0,0,0,73,0,0,0,0,0,0,0,0,0,0,0,0,0,4,0,0,0,133,0,180,0,0,0,0,0,0,0,5,0,19,0,0,0,0,0,0,0,0,0,0,0,0,0,0,0,4,4,0,3,0,0,0,0,0,43,0,0,0,0,0,0,0,0,0,0,0,0,0,457,0,0,0,0,0,0,0,0,0,0,0,0,0,0,0,0,0,0,0,0,0,0,0,0,0,0,0,2,0,0,0,0,0,0,0,0,0,0,0,0,0,0,0,0,0,0,0,0,0,0,1,SAMPLE,2024,MOCH,1304
MOCH-2024-24,0,85,12,35266,38592,0,0,0,0,0,0,0,0,0,0,0,0,142,0,0,0,0,0,0,264,0,0,0,0,0,0,0,0,0,0,0,0,0,0,0,0,0,0,0,0,0,0,0,0,0,0,0,0,0,0,4302,0,0,0,0,0,0,0,0,0,0,0,1804,0,0,230,0,0,0,0,0,0,0,0,0,0,0,0,0,0,0,0,0,0,0,0,0,0,0,0,0,0,0,0,0,0,0,0,0,0,0,0,0,0,0,0,0,0,0,0,0,17,0,0,0,0,0,0,0,0,0,0,0,0,0,0,0,0,0,0,0,0,0,0,0,0,0,0,0,0,1,SAMPLE,2024,MOCH,80714
MOCH-2024-242C,902,95,40153,1882,1520,0,155,3057,0,0,0,0,8,14,0,0,0,0,0,0,0,0,0,0,89,795,371,0,0,0,0,1180,385,0,10,48,0,0,0,198,0,0,0,13,0,4773,0,0,0,0,0,0,0,0,0,1488,601,0,0,15,14,182,0,0,9,454,0,0,0,0,0,5,24,2,0,0,0,0,0,0,13,0,0,0,0,0,0,0,49,0,0,0,0,0,0,148,0,585,0,0,0,0,0,85,0,0,0,0,0,0,0,0,0,0,0,115,0,0,0,0,0,0,0,0,0,0,0,0,0,0,106,0,0,0,0,0,0,0,0,0,0,0,0,0,0,1,SAMPLE,2024,MOCH,59543
MOCH-2024-25,223,57,547,2153,14444,0,106972,656,9,0,0,6,10,465,0,7,353,141,16,0,0,16,9,2,7,0,13418,0,0,13,2530,5656,0,0,801,188,0,0,0,53,4,6,0,70,198,16150,19,0,41,0,15,0,0,1053,0,517,0,0,0,0,0,66,0,0,0,0,0,0,0,0,0,171,24346,12,55,0,29,0,0,0,1059,0,0,0,0,0,16,3,0,0,0,15,0,0,0,0,370,27,0,0,0,0,0,0,0,4,0,0,0,0,0,0,0,0,0,0,0,0,0,0,0,0,11,0,0,5,0,0,0,0,0,0,0,20,0,0,0,0,0,5,0,0,0,0,0,1,SAMPLE,2024,MOCH,193039
MOCH-2024-254C,9029,0,0,149352,0,0,0,0,0,0,0,0,0,0,0,0,0,0,0,0,0,0,0,0,0,0,0,0,0,0,0,0,0,0,0,0,0,0,0,0,0,0,0,0,0,0,0,0,0,0,0,0,0,0,0,0,0,0,0,0,0,0,0,0,0,0,0,0,0,0,0,0,0,0,0,0,0,0,0,0,0,0,0,0,0,0,0,0,0,0,0,0,0,0,0,0,0,0,0,0,0,0,0,0,0,0,0,0,0,0,0,0,0,0,401,0,0,0,0,0,0,0,0,0,0,0,0,0,0,0,0,0,0,0,0,0,0,0,0,0,0,0,0,0,0,1,SAMPLE,2024,MOCH,158782
MOCH-2024-255C,2013,5,6270,34449,8499,0,0,0,0,0,0,0,0,295,0,0,0,0,0,0,0,0,0,0,550,0,0,0,0,0,0,895,0,0,0,0,0,0,0,0,0,25492,0,0,0,996,489,0,0,0,0,0,0,0,0,543,0,0,0,0,0,0,0,0,0,0,0,0,0,0,0,0,0,0,0,0,0,0,0,0,0,0,0,0,0,0,0,0,0,0,0,0,0,0,0,0,0,0,0,0,0,0,0,0,0,0,0,0,0,0,0,0,0,0,0,0,476,0,0,3,0,0,0,54,0,0,0,168,0,0,0,0,0,0,0,0,0,0,0,0,0,0,0,0,0,1,SAMPLE,2024,MOCH,81197
MOCH-2024-257C,470,0,397,115,876,0,0,0,0,0,0,0,0,0,0,0,0,0,0,0,0,0,0,0,0,0,31,0,0,0,0,0,0,0,0,0,0,0,0,0,0,9,0,0,0,0,8,0,0,0,128,0,0,0,0,7,0,0,0,0,0,0,0,0,0,0,0,0,0,0,0,0,0,0,0,0,0,0,0,0,0,0,0,0,0,0,0,0,0,0,0,0,0,0,0,0,0,0,0,0,0,0,0,0,0,0,0,0,0,0,0,0,0,0,0,0,0,0,0,0,0,0,0,0,0,0,0,0,0,0,0,0,0,0,0,0,0,0,0,0,0,0,0,0,0,1,SAMPLE,2024,MOCH,2041
MOCH-2024-26,199,0,144,0,99,0,6655,97,0,0,0,0,82,2302,0,0,0,0,0,0,0,0,0,0,0,0,289,0,0,0,0,0,0,0,0,0,0,0,0,0,0,0,0,0,93,0,0,0,0,0,0,0,0,0,0,0,0,0,0,0,0,0,0,0,0,0,0,0,0,0,0,0,0,0,0,0,0,0,0,0,0,0,0,0,0,0,0,0,0,0,17,0,0,27,191,0,1106,0,0,0,0,0,0,0,0,0,0,0,0,0,0,0,0,0,0,0,0,0,0,0,0,10,0,0,0,0,0,0,0,0,0,0,0,0,6,0,0,0,0,0,0,0,0,0,0,1,SAMPLE,2024,MOCH,11317
MOCH-2024-262C,8,0,80,0,79,0,0,0,0,0,0,0,0,25,0,0,0,0,0,0,0,0,0,0,0,0,193,0,0,0,0,0,0,0,0,0,0,0,0,0,0,0,0,0,0,32,0,0,0,0,0,0,0,0,0,0,0,0,0,0,0,0,0,0,0,0,0,0,0,0,0,13,0,0,0,0,0,0,0,0,0,0,0,0,0,0,0,0,0,0,0,0,0,0,0,0,0,0,0,0,0,0,0,0,0,0,0,0,0,0,0,0,0,0,0,0,0,0,0,0,0,0,0,0,0,0,0,0,0,0,0,0,0,0,0,0,0,0,0,0,0,0,0,0,0,1,SAMPLE,2024,MOCH,430
MOCH-2024-263C,176,0,7141,16407,0,0,0,0,0,0,0,0,0,3313,0,0,0,26,0,0,0,0,0,0,0,0,0,0,0,0,0,0,0,0,0,0,0,0,0,0,0,0,0,0,0,1759,0,0,0,0,0,0,0,0,0,23,0,0,0,0,0,0,0,0,0,0,0,0,0,0,0,0,0,0,0,0,0,0,0,0,0,0,0,0,0,0,0,0,0,0,0,0,0,0,0,0,0,0,0,0,0,0,0,0,0,0,0,0,0,0,0,0,0,0,1793,0,0,198,0,0,0,0,0,0,0,0,0,0,0,0,0,0,0,0,0,0,0,0,0,0,0,0,0,0,0,1,SAMPLE,2024,MOCH,30836
MOCH-2024-28,53,0,154,0,13,0,41,0,0,0,0,0,0,0,0,0,0,0,0,0,0,0,0,0,0,5,0,0,0,0,0,0,0,0,0,0,0,0,0,0,0,0,0,7,0,12,0,0,0,0,0,0,0,44,0,0,0,0,0,0,0,0,0,0,0,0,0,0,0,0,0,0,0,0,0,0,0,0,0,0,0,0,0,0,0,0,0,0,0,0,0,0,0,0,6674,0,0,0,0,0,0,0,0,0,0,0,0,0,0,0,0,0,0,0,0,10,0,0,0,0,0,0,0,0,0,0,0,0,0,0,0,0,0,0,0,0,0,0,0,0,0,0,0,0,0,1,SAMPLE,2024,MOCH,7013
MOCH-2024-289C,0,0,60,390,1343,0,0,0,0,0,0,0,0,0,0,0,0,0,0,109,0,0,0,0,0,0,0,0,0,0,0,0,0,0,0,0,0,0,0,0,0,26,0,0,0,0,0,0,0,0,0,0,0,0,0,25,0,0,0,0,0,0,0,0,0,0,0,0,0,0,0,0,0,0,0,0,0,0,0,0,0,0,0,0,0,0,0,0,0,0,0,0,0,0,0,0,0,0,0,0,0,0,0,0,0,0,0,0,0,0,0,0,0,0,0,0,0,0,0,0,0,0,0,0,0,0,0,0,0,0,0,0,0,0,0,0,0,0,0,0,0,0,0,0,0,1,SAMPLE,2024,MOCH,1953
MOCH-2024-292C,1510,0,9034,533,253,0,0,0,0,0,0,0,0,0,0,0,0,0,0,0,0,0,0,0,0,0,0,0,0,0,0,0,0,0,0,0,0,0,0,0,0,37,0,0,0,19,0,0,0,0,0,0,0,0,0,0,8,0,0,0,0,0,0,5,0,0,0,0,0,0,0,0,0,0,0,0,0,0,0,0,0,0,0,0,0,0,0,0,0,0,0,0,0,0,0,0,0,0,0,0,0,0,0,0,0,0,0,0,0,0,0,0,0,0,0,0,0,0,0,0,0,0,0,0,0,0,0,0,0,0,0,0,0,0,0,0,0,1431,0,0,0,0,0,0,0,1,SAMPLE,2024,MOCH,12830
MOCH-2024-294C,47,0,184,0,1894,0,0,0,0,0,0,0,0,0,0,0,0,0,0,0,0,0,0,0,0,0,0,0,0,0,0,0,0,0,0,24192,0,0,0,0,0,0,0,0,0,182,0,0,0,0,0,0,0,0,0,1056,0,0,0,0,0,0,0,0,0,0,0,0,0,0,0,0,0,0,0,0,1786,0,0,0,0,0,0,0,0,0,0,0,106,0,0,0,0,0,0,0,0,0,0,0,0,0,0,0,0,0,0,0,0,0,0,0,0,0,0,0,0,0,0,0,0,0,0,0,0,0,0,0,0,0,0,0,0,0,0,0,0,0,0,0,0,0,0,0,0,1,SAMPLE,2024,MOCH,29447
MOCH-2024-299C,0,0,267,152,1745,0,0,0,0,0,0,0,0,0,0,0,0,0,0,0,0,0,0,0,0,0,0,0,0,0,0,0,0,0,0,0,0,0,0,0,0,0,0,0,0,16,0,0,0,0,0,0,0,0,0,27,0,0,0,0,0,0,0,0,0,0,0,0,0,0,0,0,0,0,0,0,0,0,0,0,0,0,0,0,0,0,0,0,0,0,0,0,0,0,0,0,0,0,0,0,0,0,0,0,0,0,0,0,0,0,0,0,0,0,0,0,0,0,0,0,0,0,0,0,0,0,0,0,0,0,0,0,0,0,0,0,0,0,0,0,0,0,0,0,0,1,SAMPLE,2024,MOCH,2207
MOCH-2024-3,0,133,5637,87,200,0,135,0,3,0,0,0,37,8,0,0,4478,0,3,0,0,95,0,12,0,0,0,0,0,0,0,0,0,0,0,211,0,0,0,0,0,7,0,26,8,147,0,0,300,0,2,0,0,0,0,16,56,0,0,0,0,459,0,0,0,0,0,0,0,0,0,1130,15,0,0,0,0,0,0,0,8822,0,0,0,0,0,0,0,0,0,0,0,0,0,0,0,0,0,0,0,0,0,0,0,0,0,0,4,0,0,0,0,0,0,0,0,0,0,0,0,0,0,0,0,0,0,0,0,0,0,0,0,0,0,0,0,0,0,0,0,0,0,0,0,2,1,SAMPLE,2024,MOCH,22033
MOCH-2024-30,78,0,2038,148,48,0,0,0,0,0,0,0,0,21,0,0,0,0,0,0,0,0,0,0,0,0,0,0,0,0,0,0,0,0,0,0,0,0,0,0,0,27,0,0,0,496,6,0,0,0,0,0,0,1184,0,61,0,0,0,0,4,0,0,0,0,0,0,0,0,0,0,0,0,0,0,0,0,0,0,0,0,0,0,0,0,0,0,0,0,0,0,0,0,0,0,0,0,0,0,0,0,0,0,0,0,0,0,68,0,0,0,101,0,0,0,0,0,0,0,0,0,0,0,0,0,0,0,0,0,0,0,53,0,0,0,0,0,0,0,0,0,0,0,0,0,1,SAMPLE,2024,MOCH,4333
MOCH-2024-300C,4,0,0,119,0,0,237,0,0,0,0,0,0,0,0,0,0,83,0,0,0,0,0,0,0,0,0,0,0,0,0,0,0,0,0,0,0,0,4,0,0,0,0,0,0,0,0,0,0,0,0,0,0,0,0,0,0,0,0,0,0,0,0,0,0,0,0,0,0,0,0,0,0,0,0,0,0,0,0,0,0,0,0,0,0,0,0,0,0,0,0,0,0,0,0,0,0,0,0,0,0,0,0,0,0,0,0,0,0,0,0,0,0,0,0,0,0,0,0,0,0,0,0,0,0,0,0,0,0,0,0,0,0,0,0,0,0,0,0,0,0,10,0,0,0,2,SAMPLE,2024,MOCH,457
MOCH-2024-312C,43,0,100,9,305,0,0,0,0,0,0,0,0,75,0,0,0,0,0,0,0,0,0,0,0,0,0,0,0,0,0,0,0,0,0,0,0,0,0,0,0,5,0,3,0,21,0,0,0,0,0,0,0,0,0,29,0,0,0,0,0,0,0,0,0,0,0,0,0,0,0,0,0,0,0,0,0,0,0,0,0,0,0,0,0,0,0,0,0,0,0,52,0,0,0,0,0,69,0,0,0,0,0,0,0,0,0,0,0,0,0,0,0,0,0,0,0,0,0,0,0,0,73,0,0,0,0,0,0,0,0,0,0,0,0,0,0,0,0,0,0,0,0,0,0,1,SAMPLE,2024,MOCH,784
MOCH-2024-32,0,0,148,0,0,0,0,0,0,0,0,0,0,2218,0,0,0,0,0,0,0,0,0,19,0,0,0,0,0,0,0,0,0,0,0,0,0,0,0,0,0,0,0,0,0,131,0,0,0,0,0,0,0,0,0,0,0,0,0,0,15,0,0,0,0,0,0,0,0,0,0,0,0,0,0,0,0,0,0,0,149,0,0,0,0,0,0,0,0,697,0,0,0,0,0,0,0,0,0,0,0,0,0,0,0,0,0,0,0,0,0,0,0,0,0,0,0,0,0,0,0,0,0,0,0,0,0,0,0,0,0,0,0,0,0,0,0,0,0,0,0,0,0,0,0,1,SAMPLE,2024,MOCH,3377
MOCH-2024-320,3,0,52,2610,45731,0,0,0,0,0,0,0,0,7,0,0,0,0,0,0,0,0,0,0,0,0,0,0,0,0,0,0,0,0,5,0,0,0,0,0,0,0,0,0,0,9,0,0,0,0,0,0,0,0,0,0,0,0,0,0,0,0,0,0,0,0,0,0,0,0,0,0,0,0,0,0,0,0,0,0,2,0,0,0,0,0,0,0,0,0,0,0,0,0,0,0,0,4,0,0,0,0,0,0,0,0,0,0,0,0,0,0,0,0,0,0,0,0,0,0,0,0,3,0,0,0,0,0,0,0,0,0,0,0,0,0,0,0,0,0,0,0,0,0,0,1,SAMPLE,2024,MOCH,48426
MOCH-2024-321C,94,0,263,1387,290,0,0,5,0,0,0,0,0,0,0,0,0,0,0,0,0,0,0,0,0,0,123,0,0,0,0,0,0,0,0,0,0,0,0,0,0,0,0,0,0,70,0,0,0,0,0,0,0,0,0,84,0,0,0,0,0,24,0,0,0,0,0,0,0,0,0,0,0,0,0,0,0,0,0,0,0,0,0,0,0,0,0,0,0,0,0,0,0,0,0,0,0,0,0,0,0,0,0,0,0,0,0,0,0,0,0,0,0,0,0,0,0,0,0,0,0,0,0,0,0,0,0,0,0,0,0,0,0,0,0,0,0,0,0,0,0,0,0,0,0,1,SAMPLE,2024,MOCH,2340
MOCH-2024-324,189,260,14971,1233,306,0,219,0,0,0,0,0,0,84,0,0,0,0,0,0,25,0,0,0,0,0,0,0,0,0,0,0,0,0,0,0,0,0,0,74,0,6,310,0,0,34,19,0,14,13,0,0,0,0,0,16,0,0,0,0,22,0,0,0,0,0,0,0,0,4,0,0,0,0,0,0,10,0,0,0,23,0,0,0,0,0,0,0,0,0,0,0,0,0,0,0,0,0,0,0,0,0,0,0,0,0,0,4,0,0,0,0,0,0,0,0,0,0,0,0,0,0,8,0,0,0,0,0,0,0,0,0,0,0,0,0,0,32,0,0,181,0,0,0,0,1,SAMPLE,2024,MOCH,18057
MOCH-2024-334,482,4085,5465,212,1211,0,32,0,0,184,0,0,0,0,0,0,0,157,0,0,0,0,0,0,0,0,0,0,0,0,0,0,0,29,0,0,0,0,3,0,0,0,0,0,417,2156,0,0,0,0,0,2,0,0,0,32,18,0,0,0,0,822,0,0,0,31,0,0,0,0,0,0,0,0,0,0,0,0,0,0,0,0,0,0,0,0,0,0,0,0,0,46,0,0,0,0,0,1017,0,0,0,0,9,70,0,0,0,0,0,0,0,0,0,32,920,0,0,0,0,0,0,0,0,0,0,0,0,0,0,0,0,0,0,0,0,0,0,0,0,0,0,0,0,0,0,1,SAMPLE,2024,MOCH,17432
MOCH-2024-34,0,0,0,209,0,0,0,0,0,0,0,0,21,0,0,0,0,383,0,0,0,0,0,0,0,0,189,0,0,0,0,137,0,0,64,0,0,0,0,0,0,0,0,0,0,3406,0,25,0,0,0,0,0,0,0,0,0,0,0,0,0,23,0,0,0,0,0,0,0,0,0,3,0,0,0,0,0,0,0,0,0,0,0,20,0,0,0,0,0,0,0,0,118,0,0,0,0,0,0,0,0,9,0,0,0,0,0,0,0,0,0,0,0,0,19,0,0,0,0,0,0,0,258,0,41,0,0,0,0,0,0,0,0,0,0,0,0,0,0,0,0,0,0,0,0,1,SAMPLE,2024,MOCH,4925
MOCH-2024-35,0,0,246,0,23,0,0,0,0,0,0,0,0,124,0,0,0,191,0,0,0,0,0,0,7,0,97,0,0,0,0,0,0,0,0,0,0,0,0,0,0,0,0,0,0,0,0,0,0,0,0,0,0,0,0,0,0,0,0,0,0,15,0,0,0,0,0,0,0,0,0,0,0,0,0,0,0,0,0,0,0,0,0,0,0,0,0,0,0,0,0,0,0,0,0,0,0,0,0,0,0,0,0,0,0,0,0,0,0,0,0,0,0,0,0,0,0,0,0,0,0,0,0,0,0,0,0,0,0,0,0,0,0,0,0,0,0,0,0,0,0,0,0,0,0,1,SAMPLE,2024,MOCH,703
MOCH-2024-352C,80,0,0,0,124,0,23736,0,5613,0,0,0,0,0,0,0,0,0,0,0,0,0,0,0,0,0,2614,0,0,0,2532,0,0,0,18,0,148,0,25,106,0,2111,0,0,0,62,0,0,0,0,0,0,0,0,0,0,0,0,0,0,0,628,0,0,0,0,0,0,0,0,0,0,0,0,0,0,0,0,0,0,0,0,0,0,2,0,0,0,0,0,0,0,0,0,0,0,0,0,0,493,0,0,0,0,1884,0,0,0,0,0,0,0,0,0,0,0,0,0,0,0,0,0,0,0,0,0,0,0,0,17,0,0,0,310,0,0,0,0,0,0,0,0,0,0,0,1,SAMPLE,2024,MOCH,40503
MOCH-2024-362C,0,29,299,0,0,48,0,0,0,0,0,0,0,0,0,0,0,0,0,0,0,0,0,0,0,0,0,0,0,0,0,0,0,0,0,0,0,0,72904,0,0,103,0,0,0,0,17,0,0,0,0,0,0,0,0,0,0,0,0,0,0,0,0,0,0,0,0,0,0,0,0,0,0,0,0,0,0,0,0,0,0,0,328,0,0,0,0,0,0,0,0,0,0,0,0,0,9237,0,0,0,0,0,0,0,0,0,0,0,0,0,0,0,0,0,0,0,0,0,0,0,0,0,0,0,0,0,0,0,454,0,0,0,0,0,0,0,0,0,0,0,0,0,0,0,0,1,SAMPLE,2024,MOCH,83419
MOCH-2024-371C,150,4,354,2090,951,0,4799,42,0,0,0,0,6,107,60,54,45,35,7,0,0,0,0,0,0,5,178,0,0,2,0,66,10,0,0,41,0,19,12,10,0,0,141,12,22,95,16,0,9,0,5,0,0,0,0,135,0,0,0,0,0,5,0,0,0,9,0,0,0,0,0,15,43,4,8,0,6,0,0,0,127,0,0,0,0,0,0,0,0,0,0,3,0,0,5,3,1691,14,0,0,0,0,0,0,0,0,0,0,0,0,0,0,0,0,0,0,0,0,0,0,0,0,6,0,0,11,0,0,0,0,0,0,0,9,0,0,0,0,0,0,0,0,0,0,0,1,SAMPLE,2024,MOCH,11441
MOCH-2024-374,0,0,0,28,0,0,0,0,0,0,0,0,0,0,0,0,0,0,0,0,0,0,0,0,0,0,0,0,0,0,0,0,0,0,0,0,0,0,564,0,0,0,0,0,0,0,0,0,0,0,0,0,0,0,0,0,0,0,0,0,0,0,0,0,0,0,0,539,0,0,0,0,0,0,0,0,0,0,0,0,0,0,0,0,0,0,0,0,0,0,0,0,0,0,0,0,0,0,0,0,0,0,0,0,0,0,0,0,0,0,0,0,0,0,0,0,0,0,0,0,0,0,0,0,0,0,0,0,0,0,0,0,0,0,0,0,0,0,0,0,0,0,0,0,0,1,SAMPLE,2024,MOCH,1131
MOCH-2024-375C,0,0,3352,0,5865,3,45595,0,0,0,0,0,0,0,0,0,0,0,0,0,0,0,0,0,0,0,3561,0,0,0,0,0,0,0,0,0,0,0,7197,0,0,0,0,0,0,4,0,0,0,0,0,0,0,0,0,0,0,0,0,0,0,0,0,0,0,0,0,0,0,0,0,0,0,0,0,0,0,0,0,0,0,0,0,0,0,0,0,0,0,0,0,0,0,0,0,0,0,0,0,0,0,0,0,0,0,0,0,0,0,0,0,0,0,0,0,0,0,0,0,0,0,0,0,0,0,0,0,0,0,0,0,0,0,0,0,0,0,0,0,0,0,0,0,0,0,1,SAMPLE,2024,MOCH,65577
MOCH-2024-381C,13,0,1371,0,6,0,315,4,0,0,0,0,0,0,0,0,0,0,0,0,0,0,0,0,4,0,451,0,0,0,0,0,0,0,0,0,0,0,0,0,97,0,0,0,0,0,0,0,0,0,0,0,0,0,0,4,0,0,0,0,0,0,0,0,0,0,0,0,0,0,0,0,234,0,0,0,0,0,0,0,0,0,0,0,0,0,0,0,0,0,0,0,0,0,0,0,0,0,0,0,0,0,0,0,0,0,0,0,0,0,0,0,0,0,0,0,0,0,0,0,0,0,0,0,0,0,0,0,0,0,0,0,0,336,0,0,0,0,0,0,0,0,0,0,0,1,SAMPLE,2024,MOCH,2835
MOCH-2024-388C,206,0,0,0,428,0,1510,0,0,0,0,0,0,0,0,0,0,2125,0,0,0,0,0,0,0,0,0,0,0,0,0,0,0,0,0,0,0,0,0,0,0,0,0,0,0,0,0,0,0,0,0,0,0,0,0,0,0,0,0,0,0,0,0,0,0,0,0,0,0,0,0,0,0,0,0,0,0,0,0,0,0,0,0,0,0,0,0,0,0,0,0,0,0,0,0,0,0,0,0,0,0,0,0,0,0,0,0,0,0,0,0,0,0,0,0,0,0,0,0,0,0,0,0,0,0,0,0,0,0,0,0,0,0,0,0,0,0,0,0,0,0,0,0,0,0,1,SAMPLE,2024,MOCH,4269
MOCH-2024-391,998,0,1261,0,0,0,3207,0,0,0,0,0,0,0,0,0,0,0,0,0,0,0,0,0,0,0,13626,0,0,0,0,0,0,0,0,0,0,0,14,929,0,0,0,0,13987,11659,0,0,0,0,0,0,46,0,0,0,0,0,0,0,0,0,0,0,0,0,0,0,0,0,0,0,0,0,0,0,0,0,0,0,0,0,0,0,0,0,0,0,0,0,0,0,0,0,0,0,2168,0,0,0,0,0,0,0,0,0,0,0,0,0,0,0,0,0,0,0,0,0,0,0,0,0,0,8,0,0,0,0,0,0,0,0,0,0,0,0,0,0,0,0,0,0,0,0,0,1,SAMPLE,2024,MOCH,47903
MOCH-2024-393C,0,0,0,0,2,0,121,0,0,0,0,0,0,0,0,0,0,0,0,0,0,0,0,0,3,0,34,0,0,0,0,0,0,0,0,0,0,0,0,107,0,2,0,0,0,0,3,0,0,0,0,0,0,0,0,0,0,0,0,0,0,0,0,0,0,0,0,0,0,0,0,0,0,0,0,0,0,0,0,8,0,0,0,0,0,0,0,0,0,0,0,0,0,0,0,0,0,0,0,0,0,0,0,0,0,0,0,2,0,0,0,0,0,0,0,0,0,0,0,0,0,0,0,0,0,0,0,0,0,0,0,0,0,0,0,0,2,0,0,0,0,0,0,0,0,1,SAMPLE,2024,MOCH,284
MOCH-2024-396C,0,0,0,0,0,0,11879,0,11,0,0,0,0,0,0,0,0,0,0,0,0,0,0,0,0,0,671,0,0,0,0,0,0,0,0,0,0,0,0,0,0,0,0,0,0,0,0,0,0,0,0,0,0,0,0,0,0,0,0,0,0,0,0,0,0,0,0,0,0,0,0,0,0,0,0,0,0,0,0,0,0,0,0,0,0,0,0,0,0,0,0,0,0,0,0,0,168,0,0,0,0,0,0,0,0,0,0,0,0,0,0,0,0,0,0,0,0,0,0,0,0,0,0,0,0,0,0,0,0,0,0,0,0,0,0,0,0,0,0,0,0,0,0,0,0,1,SAMPLE,2024,MOCH,12729
MOCH-2024-4,17,0,0,0,513,0,0,0,0,0,0,149,19,0,0,0,0,0,0,0,0,0,0,0,0,0,0,0,0,0,3,0,0,0,0,0,0,0,0,0,0,0,0,0,0,21,0,0,0,0,0,0,0,0,0,0,0,0,0,0,0,0,0,0,0,0,0,0,0,0,0,0,0,0,0,0,0,0,0,0,0,0,0,0,0,0,0,0,0,0,0,0,0,0,0,0,0,0,0,0,0,0,0,0,0,0,0,0,0,0,0,0,0,0,0,0,0,0,0,0,0,0,0,0,30,0,0,0,0,0,0,0,0,0,0,0,0,0,0,0,0,0,0,0,0,1,SAMPLE,2024,MOCH,752
MOCH-2024-41,352,0,993,0,2562,0,0,0,0,0,0,0,0,0,0,0,0,0,0,0,0,0,0,0,57,0,9173,0,0,0,0,0,0,0,0,0,0,0,0,322,0,0,0,0,0,0,0,0,0,0,0,0,0,0,0,0,0,0,0,0,10,0,0,0,0,0,0,0,0,0,0,529,0,0,0,0,0,0,0,0,0,0,0,0,0,0,0,0,0,0,0,0,0,0,0,0,0,0,0,0,0,0,0,0,0,0,0,0,0,0,0,0,0,0,0,0,32,0,0,0,0,0,0,0,0,0,0,0,0,0,0,0,0,0,0,0,0,0,0,0,0,0,0,0,0,1,SAMPLE,2024,MOCH,14030
MOCH-2024-413C,0,0,0,128,119,0,0,0,0,0,0,0,0,16,0,0,0,0,0,0,0,0,0,0,0,0,0,0,0,0,0,0,0,0,0,0,0,0,0,0,0,0,0,0,0,331,0,0,0,0,0,0,0,0,0,6,0,0,0,0,0,0,0,0,0,0,0,0,0,0,0,0,0,0,0,0,0,0,0,0,0,0,0,0,0,0,0,0,0,0,0,0,0,0,0,0,0,0,0,0,0,0,0,0,0,0,0,0,0,0,0,0,0,0,0,0,0,0,0,0,0,0,0,0,0,0,0,0,0,0,0,0,0,0,0,0,0,0,0,0,0,0,0,0,0,1,SAMPLE,2024,MOCH,600
MOCH-2024-415C,19305,0,7734,0,83700,0,5614,36,0,0,0,6140,0,0,0,0,0,56,0,0,0,0,0,0,0,0,68181,0,0,0,0,3682,0,0,0,0,0,0,131,6,0,251,0,0,0,0,0,0,0,0,0,0,0,0,0,3447,0,6,0,0,0,0,0,0,0,0,0,0,0,0,0,0,353,0,0,305,0,0,0,0,0,0,0,0,0,0,0,0,0,0,0,0,0,0,0,0,0,0,0,0,0,0,0,0,0,0,0,4857,0,0,811,0,0,0,0,0,0,0,0,0,12,0,0,0,0,0,0,0,0,0,0,0,0,63,0,0,0,0,0,0,0,0,0,7,0,1,SAMPLE,2024,MOCH,204697
MOCH-2024-417C,0,0,1912,0,11497,0,0,0,0,0,0,0,0,0,0,0,0,0,0,0,0,0,0,0,0,0,0,0,0,0,0,0,0,0,0,0,0,0,0,0,0,0,0,0,0,2329,1773,0,0,0,0,0,0,0,0,557,0,0,0,0,8,0,0,0,0,0,0,0,0,0,0,0,0,0,0,0,0,0,0,0,0,0,0,0,0,0,0,0,0,0,0,0,0,0,0,0,0,0,0,0,0,0,0,0,0,0,0,0,0,0,0,0,0,0,0,0,0,0,0,0,0,0,0,0,0,0,0,52,0,0,0,0,0,0,0,0,0,0,0,0,0,0,0,0,0,1,SAMPLE,2024,MOCH,18128
MOCH-2024-430,0,0,0,0,0,0,0,0,0,0,0,0,0,0,0,0,0,0,0,0,0,0,0,0,0,0,0,0,0,0,0,0,0,0,0,0,0,0,0,0,0,0,0,0,0,0,0,0,0,0,0,0,0,0,0,6,0,0,0,0,0,0,0,0,0,0,0,0,0,0,0,0,0,0,0,0,0,0,0,0,0,0,0,0,0,0,0,0,0,0,0,0,0,0,0,0,0,0,0,0,0,0,0,0,0,0,0,0,0,0,0,0,0,0,0,0,0,0,0,0,0,0,0,0,0,0,0,0,0,0,0,0,0,0,0,0,0,0,0,0,0,0,0,0,0,1,SAMPLE,2024,MOCH,6
MOCH-2024-441C,341,37,12149,0,3734,0,0,0,0,3290,0,0,0,0,0,0,0,0,0,0,0,0,0,0,0,0,0,0,0,0,0,0,0,417,0,0,0,0,0,0,0,0,0,0,0,0,0,0,35,0,0,54,0,0,0,0,224,0,0,0,0,0,0,0,0,0,0,0,0,0,0,0,0,0,0,0,0,0,0,0,0,0,0,0,0,0,0,0,0,0,0,570,0,0,0,0,0,0,0,0,0,0,3,0,0,0,0,21,0,0,0,0,0,0,0,0,0,0,0,0,0,0,0,0,0,0,0,0,0,0,0,0,0,0,0,15,0,0,0,0,0,0,0,0,0,1,SAMPLE,2024,MOCH,20890
MOCH-2024-456C,0,0,9,235,320,0,0,0,0,0,0,0,0,0,0,0,0,0,0,0,0,0,0,0,0,0,0,0,0,0,0,0,0,0,0,0,0,0,0,0,0,0,0,0,0,49,0,0,0,0,0,0,0,0,0,0,0,0,0,0,0,0,0,0,0,0,0,0,0,0,0,0,0,0,0,0,0,0,0,0,0,0,0,0,0,0,0,0,0,0,0,0,0,0,0,0,0,0,0,0,0,0,0,0,0,0,0,0,0,0,0,0,0,0,0,0,0,0,0,0,0,0,0,0,0,0,0,0,0,0,0,0,0,0,0,0,0,0,0,0,0,0,0,0,0,1,SAMPLE,2024,MOCH,613
MOCH-2024-466C,0,0,1328,23018,22263,0,36201,0,0,0,0,0,0,1517,0,0,0,12780,0,0,0,0,0,0,0,0,0,0,0,0,0,0,0,0,0,0,0,0,0,0,0,0,0,0,0,0,0,0,0,0,0,0,0,0,0,0,0,0,0,0,2,0,0,0,0,0,0,0,0,0,0,0,0,0,0,0,0,0,0,0,0,0,0,0,0,0,0,0,0,0,0,0,0,0,0,0,0,0,0,0,0,0,0,0,0,0,0,0,1168,0,0,0,1,0,10,0,0,0,0,0,0,0,0,0,0,0,0,0,0,0,0,0,0,0,0,0,0,0,0,0,0,0,0,0,0,1,SAMPLE,2024,MOCH,98288
MOCH-2024-471C,63,0,26,68,20,0,0,0,0,0,0,0,0,0,0,0,3,0,0,0,0,0,0,0,0,0,0,0,0,0,0,0,0,0,0,0,0,0,0,0,0,0,0,0,0,0,0,0,0,0,4,0,0,0,0,3,0,0,0,0,0,0,0,0,0,0,0,0,0,0,0,0,0,10,0,0,0,0,0,0,0,0,0,0,0,0,0,0,0,0,0,0,0,0,0,0,0,0,0,0,0,0,0,0,0,0,0,0,0,0,0,0,0,0,0,0,0,0,0,0,0,0,0,0,0,0,0,0,0,0,0,0,0,0,0,0,0,0,0,0,0,0,0,0,0,1,SAMPLE,2024,MOCH,197
MOCH-2024-475C,0,0,0,0,448,0,0,0,0,0,0,0,0,0,0,0,0,291,0,0,0,0,0,0,0,0,0,0,0,0,0,0,0,0,0,0,0,0,0,0,0,0,0,0,0,0,0,0,0,0,0,0,0,0,0,0,0,0,0,0,0,0,0,0,0,0,0,0,0,0,0,0,0,0,8,0,0,0,0,0,0,0,0,0,0,0,0,0,0,0,0,0,0,0,0,0,0,0,0,0,0,0,0,0,0,0,0,0,0,0,0,0,0,0,0,0,0,0,0,0,0,0,0,0,0,0,0,0,0,0,0,0,0,0,0,0,0,0,0,0,0,0,0,0,0,1,SAMPLE,2024,MOCH,747
MOCH-2024-481C,2035,0,5375,4149,2907,0,679,0,0,0,0,0,0,1324,0,0,0,0,0,0,0,0,0,0,0,0,0,0,0,0,0,0,0,0,0,0,0,0,0,0,0,82,0,0,0,0,83,0,0,0,0,0,0,0,0,0,0,0,0,0,0,0,0,0,0,0,0,0,0,0,0,0,0,0,0,0,0,0,0,0,0,0,0,0,0,0,0,0,0,0,0,0,0,0,0,0,0,0,0,0,0,0,0,0,0,0,0,0,0,0,0,0,0,0,0,0,0,0,0,0,0,0,0,0,0,0,0,0,0,0,0,0,0,0,0,0,0,0,0,0,0,0,0,0,0,1,SAMPLE,2024,MOCH,16634
MOCH-2024-486C,0,0,39,2484,0,0,0,0,0,0,0,0,0,0,0,0,0,0,0,0,0,0,0,0,0,0,0,0,0,0,0,0,0,0,0,0,0,0,0,0,0,0,0,0,0,0,0,0,0,0,0,0,0,0,0,0,0,0,0,0,0,0,0,0,0,0,0,0,0,0,0,0,0,0,0,0,0,0,0,0,0,0,0,0,0,0,0,0,0,0,0,0,0,0,0,0,0,375,0,0,0,0,0,0,0,0,0,0,0,0,0,0,0,0,0,0,0,0,0,0,0,0,0,0,0,0,0,0,0,0,0,0,0,0,0,0,0,0,0,0,0,0,0,0,0,1,SAMPLE,2024,MOCH,2898
MOCH-2024-488C,2581,0,1140,0,15944,0,1624,160,0,0,0,868,0,0,0,0,0,248,0,0,0,0,0,0,0,0,8543,0,0,0,0,436,0,0,0,0,0,0,111,0,0,46,0,0,0,0,0,0,0,0,0,0,0,0,0,12731,0,0,0,0,0,0,0,0,0,0,0,0,0,0,0,0,48,0,0,39,0,0,0,0,0,0,0,0,0,0,0,0,0,0,0,0,0,0,0,0,0,0,0,0,0,0,0,0,0,0,0,751,0,0,110,0,0,0,0,0,0,0,0,0,0,0,0,0,0,0,0,0,0,0,0,0,0,209,0,0,0,0,0,0,0,0,0,0,0,1,SAMPLE,2024,MOCH,45589
MOCH-2024-5,0,0,0,0,0,0,0,0,0,0,0,0,0,0,0,0,0,0,0,0,0,0,0,0,0,0,0,0,0,0,0,0,0,0,0,0,0,0,0,0,0,0,0,0,0,14,0,0,0,0,0,0,0,0,0,0,0,0,0,0,0,0,0,0,0,0,0,0,0,0,0,0,0,0,0,0,0,0,0,0,0,0,0,0,0,0,0,0,0,0,0,0,0,0,0,0,0,0,0,0,0,0,0,0,0,0,0,0,0,0,0,0,0,0,0,0,0,0,0,0,0,0,0,0,0,0,0,0,0,0,0,0,0,0,0,0,0,0,0,0,0,0,0,0,0,1,SAMPLE,2024,MOCH,14
MOCH-2024-575C,0,0,11,43,898,0,397,0,0,0,0,0,0,0,0,0,0,384,0,0,0,0,0,0,0,0,0,0,0,0,0,0,0,0,0,0,0,0,0,0,0,0,0,0,0,100,0,0,0,0,0,0,0,0,0,0,0,0,10,0,0,0,0,0,0,88,0,0,0,0,0,0,0,0,0,0,0,0,0,0,0,0,0,0,0,0,0,0,0,0,0,0,0,0,0,0,0,0,0,0,26,0,0,0,0,0,0,0,0,0,0,0,0,0,0,0,0,0,0,0,0,0,0,0,0,0,0,0,0,0,0,0,0,0,0,0,0,0,0,0,0,0,0,0,0,2,SAMPLE,2024,MOCH,1957
MOCH-2024-585C,0,0,0,0,0,0,0,0,0,0,0,0,0,0,0,0,0,0,0,0,0,0,0,706,0,0,273,0,120,0,0,0,0,0,0,0,0,0,0,0,0,5,0,0,0,0,455,0,0,0,0,0,0,0,0,0,0,0,0,0,0,0,509,0,0,0,0,0,0,0,0,0,0,0,0,0,0,0,0,0,0,0,0,0,0,484,0,0,0,0,0,0,0,0,10277,0,0,0,0,0,0,0,0,0,0,0,0,128,0,0,0,0,0,0,0,0,0,0,0,0,0,0,0,0,0,0,0,0,0,0,0,0,0,0,0,0,0,0,0,0,0,0,0,0,0,2,SAMPLE,2024,MOCH,12957
MOCH-2024-586C,20,0,0,0,0,0,0,0,0,0,0,0,0,0,0,0,0,0,0,0,0,0,0,0,0,0,0,0,0,0,0,0,0,0,0,0,0,0,0,0,0,0,0,0,0,0,15,0,0,0,0,0,0,0,0,0,136,0,0,0,0,0,0,0,0,0,1006,0,0,0,0,0,0,0,0,0,0,0,0,0,0,278,0,0,0,58,0,0,0,0,0,0,0,0,1085,0,0,0,0,0,0,0,0,0,0,0,2,67,0,77,0,0,0,0,0,0,0,0,0,0,0,0,0,0,0,0,0,0,0,0,0,0,0,0,0,0,0,0,0,0,0,0,0,0,0,2,SAMPLE,2024,MOCH,2744
MOCH-2024-6,3915,263,395,0,2168,0,0,0,0,0,0,0,0,4500,0,0,15,0,0,0,0,0,0,0,0,0,0,0,0,0,0,0,0,0,0,0,0,0,0,0,0,0,0,0,0,19,0,0,0,0,0,0,0,0,0,463,0,0,0,0,0,3,0,0,0,0,0,0,0,0,0,0,0,0,0,0,0,0,0,0,38,0,0,0,0,0,0,0,0,0,0,0,0,0,0,0,0,0,0,0,0,0,0,0,0,0,0,42,0,0,0,0,0,0,0,0,0,0,0,0,0,0,0,0,0,0,0,0,0,0,0,0,0,0,0,0,0,0,0,0,0,0,0,0,0,1,SAMPLE,2024,MOCH,11821
MOCH-2024-638,578572,0,0,0,103068,0,170007,323,255,0,1785,0,0,0,0,0,0,0,0,0,0,0,0,0,9,0,7750,0,0,0,1376,86,0,0,0,0,0,0,9,26929,0,0,115706,0,25,0,0,0,0,21,0,0,0,0,0,1772,0,0,268,0,0,0,0,0,0,0,0,0,98,0,0,0,0,0,0,0,0,0,0,0,0,0,0,0,321,0,0,0,0,0,0,0,0,0,0,0,0,0,0,0,0,0,0,0,0,0,0,0,0,0,0,0,0,0,0,0,0,0,0,0,0,10,0,0,0,0,0,0,0,0,0,0,0,0,0,0,0,0,0,0,0,0,0,0,0,1,SAMPLE,2024,MOCH,1008390
MOCH-2024-639C,0,10,0,0,0,0,0,0,0,0,0,0,0,0,0,0,0,0,0,0,0,0,0,0,0,0,0,0,0,0,0,0,0,0,0,0,0,0,0,0,0,0,0,0,0,0,0,0,0,0,0,0,0,0,0,0,0,0,0,0,0,0,0,0,0,0,0,0,0,0,0,0,0,0,0,0,0,0,0,0,0,0,0,0,0,0,0,0,0,0,0,0,0,0,0,0,0,0,0,0,0,0,0,0,0,0,0,0,0,0,0,0,0,0,0,0,0,0,0,0,0,0,0,0,0,0,0,0,0,0,0,0,0,0,0,0,0,0,0,0,0,0,0,0,0,1,SAMPLE,2024,MOCH,10
MOCH-2024-641C,0,0,2051,0,5287,0,24590,0,0,0,0,0,0,0,0,135,0,0,0,0,0,0,0,0,0,0,0,0,0,0,0,2959,20490,0,0,0,0,0,9,0,0,115,0,28,0,3,0,0,0,0,0,0,0,0,0,3073,0,0,0,0,0,0,0,0,0,0,0,0,0,0,0,0,0,0,0,0,0,0,0,0,0,0,0,0,82,0,0,0,0,0,0,0,0,0,0,0,0,818,0,0,0,0,0,0,0,0,0,0,0,0,0,0,0,0,0,0,0,0,0,0,0,0,0,0,0,0,0,0,0,0,0,0,0,837,0,0,0,0,0,0,0,0,0,0,0,1,SAMPLE,2024,MOCH,60477
MOCH-2024-646C,0,0,251,0,1167,0,0,0,0,0,0,0,0,0,0,0,0,636,0,0,0,0,0,0,0,0,0,0,0,0,0,0,0,0,0,0,0,0,24,0,0,0,0,0,0,0,0,0,0,0,0,0,0,0,0,125,0,0,0,0,0,0,0,0,0,0,0,0,0,0,0,161,0,0,0,0,0,0,0,0,0,0,0,0,0,0,0,0,0,0,0,0,0,0,0,0,0,0,0,0,0,0,0,0,0,0,0,34,0,0,0,0,0,0,0,0,0,0,0,0,0,0,0,0,0,0,0,0,0,0,0,0,0,0,0,0,0,0,0,0,0,0,0,0,0,1,SAMPLE,2024,MOCH,2398
MOCH-2024-652C,176,1314,1904,661,358,0,166,0,0,42,0,0,0,0,0,0,0,1218,0,0,0,0,0,0,0,0,0,0,0,0,0,0,0,13,0,0,0,0,24,0,0,0,0,0,2501,725,0,0,0,0,0,0,0,0,0,75,0,0,0,0,0,277,0,0,0,179,0,0,0,0,0,0,0,0,0,0,0,0,0,0,0,0,0,0,0,0,0,0,0,0,0,6,0,0,0,0,0,348,0,0,0,0,3,342,0,0,0,0,0,0,0,0,0,190,317,0,40,0,0,0,0,0,0,0,0,0,0,0,0,0,0,0,0,0,0,0,0,0,0,0,0,0,0,0,0,1,SAMPLE,2024,MOCH,10879
MOCH-2024-661C,254512,0,675,26,5529,0,56,396,0,0,0,0,0,0,0,171,0,209,0,0,0,0,0,0,0,0,271,0,0,0,0,15,0,0,0,0,0,0,0,36,0,8,0,0,0,0,0,0,0,0,0,0,0,0,0,0,0,0,0,0,0,0,0,0,0,0,0,0,0,0,0,0,0,0,0,0,0,0,0,0,25,0,0,0,0,0,0,0,0,0,0,0,0,0,0,0,0,0,0,0,0,0,0,0,0,0,0,0,0,0,0,0,0,3681,0,0,0,0,0,0,0,0,0,0,0,0,0,0,0,0,0,0,0,0,0,0,0,0,0,0,0,0,0,0,0,1,SAMPLE,2024,MOCH,265610
MOCH-2024-669C,0,0,989,0,107,0,182,0,0,0,0,0,0,385,0,0,0,814,0,0,0,0,0,0,16,0,287,0,0,0,0,17,0,0,0,0,0,0,0,0,0,0,0,0,0,43,0,0,0,0,0,0,0,0,0,0,0,0,0,0,0,72,0,0,0,0,0,0,0,0,0,0,0,0,0,0,0,0,0,0,0,0,0,0,0,0,0,0,0,0,0,0,0,0,0,0,0,0,0,0,0,0,0,0,0,0,0,0,0,0,0,0,0,0,0,0,0,0,0,0,0,0,0,0,0,0,0,0,0,0,0,0,0,0,0,0,0,0,0,0,0,0,0,0,0,1,SAMPLE,2024,MOCH,2912
MOCH-2024-670C,4214,728,52307,46,364,12,98,0,557,0,0,0,0,9,0,0,22,0,0,0,0,0,0,0,0,0,2319,12,0,0,0,172,0,0,0,0,0,0,14266,0,0,0,0,2,9,116,0,0,0,0,2,0,0,0,0,0,0,0,6706,0,0,301,0,0,0,0,0,0,0,0,0,3,5,0,0,0,0,0,0,1188,57,0,0,0,10,0,0,0,0,0,0,0,0,0,0,0,0,61,0,0,0,0,3,0,0,0,0,0,0,0,0,0,0,0,68,0,0,0,0,0,0,0,0,0,0,0,0,0,0,0,0,203,0,544,0,0,0,0,0,0,0,0,2,0,0,1,SAMPLE,2024,MOCH,84406
MOCH-2024-689C,371,0,0,0,2578,0,5386,0,0,0,0,0,0,0,0,0,0,3182,0,29,0,0,0,0,0,0,1772,0,0,0,6,276,0,0,0,0,0,0,0,0,0,19,0,653,0,0,0,0,0,0,0,0,0,0,0,5842,0,0,491,0,0,0,0,0,0,7676,0,0,0,0,0,0,0,0,0,0,0,0,0,0,34,0,0,0,0,0,0,0,0,0,0,0,0,0,0,0,0,0,0,0,0,0,0,0,0,0,0,691,0,0,0,0,0,28433,0,0,0,0,0,0,0,0,0,0,0,0,2,0,0,0,0,0,0,781,0,0,0,0,0,0,0,0,0,0,0,1,SAMPLE,2024,MOCH,58222
MOCH-2024-694C,70856,0,1939,0,52,0,5936,26517,0,0,0,0,0,88,0,0,0,0,0,96,0,0,0,0,123,0,22831,0,154,0,934,0,0,0,0,0,0,0,6,96592,0,0,333,0,1622,366,16,0,0,0,0,0,0,0,4347,0,0,0,875,0,0,207,0,0,0,0,0,352,0,0,0,273,0,0,0,0,0,0,29,0,119,0,0,0,0,0,0,0,0,0,0,0,0,0,0,0,0,0,0,0,0,0,0,0,0,0,0,0,0,0,0,0,55,0,0,0,0,0,0,0,0,52,0,0,0,0,0,0,0,0,0,0,17,0,0,0,0,0,0,0,0,0,0,0,0,1,SAMPLE,2024,MOCH,234787
MOCH-2024-8,2346,24,521,120,41,0,0,0,0,0,0,0,10,5447,0,0,0,0,0,0,0,0,0,49,83,0,748,0,0,0,10,66,0,0,0,0,0,0,0,0,0,0,0,12,0,226,0,0,291,0,0,0,0,0,0,256,0,0,0,0,0,59,0,0,0,116,0,0,0,0,0,150,0,0,0,0,0,38,0,0,6394,0,0,0,0,0,0,3,0,0,0,0,0,0,0,0,0,82,0,0,0,0,0,0,0,0,0,58,0,0,0,0,0,0,0,0,9,0,61,0,0,0,0,0,0,0,0,0,0,0,0,0,0,0,0,0,0,0,0,0,0,0,0,0,0,1,SAMPLE,2024,MOCH,17220